n,aupr_mean,aupr_std,r2_precision,r2_recall
3,0.6626732532606507,0.09132557862600901,-228.39865527278366,-8.834138417116932
5,0.7336151843281201,0.05579248114098492,-115.34784024485046,-0.8058428431954295
10,0.7863765211666524,0.05333940958228389,-29.49179817281766,0.4242001832149236
25,0.9028243555219575,0.020352080361425166,-3.05671498044435,0.8680764076608944
30,0.9221391616282361,0.009863235623724256,-1.6244464621388754,0.8574754869703426
50,0.9494581687103298,0.011750828982383332,-0.46670681708873973,0.8476042941292524
100,0.9720427795589595,0.00645569391211709,0.33897017770618215,0.8912106072381094
300,0.993016993676916,0.0016185172861584057,0.873969497612402,0.999999974929026
1000,0.997755925446748,0.0005471829197724195,0.9711405227351276,1.0
3000,0.9986963979465763,0.00014088813004624058,0.9969587283214487,1.0
10000,0.9990181968013483,0.00010546123036457656,0.9996483603876636,1.0
