dataset,m,xi,c,iterations,max_ood_affinity_post,precision_pre,precision_post,recall_pre,recall_post,id_drop_frac,kernels_touched,max_kernel_scalings
linear2d,10,0.1,0.5,1,0.07661299665271248,0.8602135939904064,0.8607199456644782,0.9994216614090431,0.9994216614090431,0.0,1,1
linear2d,10,0.1,0.8,1,0.09117223153210596,0.8602135939904064,0.8603693310401014,0.9994216614090431,0.9994216614090431,0.0,1,1
linear2d,10,0.1,0.9,2,0.0906174273346968,0.8602135939904064,0.8603303914912876,0.9994216614090431,0.9994216614090431,0.0,2,1
linear2d,10,0.1,0.99,11,0.09957196886322495,0.8602135939904064,0.8602914554670529,0.9994216614090431,0.9994216614090431,0.0,2,8
linear2d,10,0.3,0.5,0,0.11115347301015521,0.8602135939904064,0.8602135939904064,0.9994216614090431,0.9994216614090431,0.0,0,0
linear2d,10,0.3,0.8,0,0.11115347301015521,0.8602135939904064,0.8602135939904064,0.9994216614090431,0.9994216614090431,0.0,0,0
linear2d,10,0.3,0.9,0,0.11115347301015521,0.8602135939904064,0.8602135939904064,0.9994216614090431,0.9994216614090431,0.0,0,0
linear2d,10,0.3,0.99,0,0.11115347301015521,0.8602135939904064,0.8602135939904064,0.9994216614090431,0.9994216614090431,0.0,0,0
linear2d,10,0.5,0.5,0,0.11115347301015521,0.8602135939904064,0.8602135939904064,0.9994216614090431,0.9994216614090431,0.0,0,0
linear2d,10,0.5,0.8,0,0.11115347301015521,0.8602135939904064,0.8602135939904064,0.9994216614090431,0.9994216614090431,0.0,0,0
linear2d,10,0.5,0.9,0,0.11115347301015521,0.8602135939904064,0.8602135939904064,0.9994216614090431,0.9994216614090431,0.0,0,0
linear2d,10,0.5,0.99,0,0.11115347301015521,0.8602135939904064,0.8602135939904064,0.9994216614090431,0.9994216614090431,0.0,0,0
linear2d,100,0.1,0.5,8,0.09900400099494444,0.8602135939904064,0.8624648334694618,0.9994216614090431,0.9993165089379601,0.0,7,2
linear2d,100,0.1,0.8,20,0.09835172458940267,0.8602135939904064,0.8622754491017964,0.9994216614090431,0.9993690851735015,0.0,8,4
linear2d,100,0.1,0.9,42,0.09889757095390339,0.8602135939904064,0.8622754491017964,0.9994216614090431,0.9993690851735015,0.0,8,9
linear2d,100,0.1,0.99,429,0.0998798800443067,0.8602135939904064,0.862242583688651,0.9994216614090431,0.9994216614090431,0.0,10,92
linear2d,100,0.3,0.5,3,0.23212077760269234,0.8602135939904064,0.8608758661292514,0.9994216614090431,0.9994216614090431,0.0,3,1
linear2d,100,0.3,0.8,6,0.2859008117601797,0.8602135939904064,0.8607199456644782,0.9994216614090431,0.9994216614090431,0.0,4,2
linear2d,100,0.3,0.9,12,0.29293070128176735,0.8602135939904064,0.8607199456644782,0.9994216614090431,0.9994216614090431,0.0,4,4
linear2d,100,0.3,0.99,121,0.29933226403476154,0.8602135939904064,0.8607199456644782,0.9994216614090431,0.9994216614090431,0.0,4,40
linear2d,100,0.5,0.5,0,0.4878127345178671,0.8602135939904064,0.8602135939904064,0.9994216614090431,0.9994216614090431,0.0,0,0
linear2d,100,0.5,0.8,0,0.4878127345178671,0.8602135939904064,0.8602135939904064,0.9994216614090431,0.9994216614090431,0.0,0,0
linear2d,100,0.5,0.9,0,0.4878127345178671,0.8602135939904064,0.8602135939904064,0.9994216614090431,0.9994216614090431,0.0,0,0
linear2d,100,0.5,0.99,0,0.4878127345178671,0.8602135939904064,0.8602135939904064,0.9994216614090431,0.9994216614090431,0.0,0,0
linear2d,1000,0.1,0.5,462,0.0995879446498179,0.8602135939904064,0.962105588781192,0.9994216614090431,0.9811251314405889,0.022,249,7
linear2d,1000,0.1,0.8,1291,0.09947381761844631,0.8602135939904064,0.9585229887996727,0.9994216614090431,0.9853838065194532,0.022,274,21
linear2d,1000,0.1,0.9,2697,0.09988559261065477,0.8602135939904064,0.9578457922436258,0.9994216614090431,0.9855941114616193,0.022,284,44
linear2d,1000,0.1,0.99,28037,0.09999209453102065,0.8602135939904064,0.9571632798938017,0.9994216614090431,0.9856466876971609,0.022,295,464
linear2d,1000,0.3,0.5,311,0.297639506941317,0.8602135939904064,0.9393638170974155,0.9994216614090431,0.9936908517350158,0.014,174,7
linear2d,1000,0.3,0.8,884,0.2995381021554686,0.8602135939904064,0.9361322903257748,0.9994216614090431,0.994111461619348,0.01,193,20
linear2d,1000,0.3,0.9,1839,0.29989113658497557,0.8602135939904064,0.9351362040836506,0.9994216614090431,0.9944794952681388,0.008,204,42
linear2d,1000,0.3,0.99,19133,0.29995616128086533,0.8602135939904064,0.9348255756497678,0.9994216614090431,0.994689800210305,0.008,210,437
linear2d,1000,0.5,0.5,231,0.499048023437748,0.8602135939904064,0.9239458564611939,0.9994216614090431,0.9976866456361725,0.004,134,6
linear2d,1000,0.5,0.8,647,0.4996279167019544,0.8602135939904064,0.9201085902656583,0.9994216614090431,0.9978969505783386,0.002,158,19
linear2d,1000,0.5,0.9,1352,0.49981773422032105,0.8602135939904064,0.9196744343781793,0.9994216614090431,0.9980546792849632,0.002,164,40
linear2d,1000,0.5,0.99,14012,0.49990076873189715,0.8602135939904064,0.9189254598257502,0.9994216614090431,0.9981598317560463,0.002,170,415
annulus2d,10,0.1,0.5,8,0.09472758861106434,0.8661319722931098,0.8681728449221321,0.9997475172529877,0.9993267126746339,0.0,8,1
annulus2d,10,0.1,0.8,18,0.09530138341170469,0.8661319722931098,0.8674751607247224,0.9997475172529877,0.9993267126746339,0.0,12,3
annulus2d,10,0.1,0.9,36,0.09782671898769879,0.8661319722931098,0.8674751607247224,0.9997475172529877,0.9993267126746339,0.0,15,6
annulus2d,10,0.1,0.99,365,0.09997173649615843,0.8661319722931098,0.8674751607247224,0.9997475172529877,0.9993267126746339,0.0,15,67
annulus2d,10,0.3,0.5,0,0.29334599735268374,0.8661319722931098,0.8661319722931098,0.9997475172529877,0.9997475172529877,0.0,0,0
annulus2d,10,0.3,0.8,0,0.29334599735268374,0.8661319722931098,0.8661319722931098,0.9997475172529877,0.9997475172529877,0.0,0,0
annulus2d,10,0.3,0.9,0,0.29334599735268374,0.8661319722931098,0.8661319722931098,0.9997475172529877,0.9997475172529877,0.0,0,0
annulus2d,10,0.3,0.99,0,0.29334599735268374,0.8661319722931098,0.8661319722931098,0.9997475172529877,0.9997475172529877,0.0,0,0
annulus2d,10,0.5,0.5,0,0.29334599735268374,0.8661319722931098,0.8661319722931098,0.9997475172529877,0.9997475172529877,0.0,0,0
annulus2d,10,0.5,0.8,0,0.29334599735268374,0.8661319722931098,0.8661319722931098,0.9997475172529877,0.9997475172529877,0.0,0,0
annulus2d,10,0.5,0.9,0,0.29334599735268374,0.8661319722931098,0.8661319722931098,0.9997475172529877,0.9997475172529877,0.0,0,0
annulus2d,10,0.5,0.99,0,0.29334599735268374,0.8661319722931098,0.8661319722931098,0.9997475172529877,0.9997475172529877,0.0,0,0
annulus2d,100,0.1,0.5,17,0.08008032645571428,0.8661319722931098,0.870863599677159,0.9997475172529877,0.9989059080962801,0.0,9,4
annulus2d,100,0.1,0.8,47,0.09632477855380328,0.8661319722931098,0.8704993766957542,0.9997475172529877,0.9990742299276216,0.0,9,13
annulus2d,100,0.1,0.9,98,0.09984576728688233,0.8661319722931098,0.8705821968030503,0.9997475172529877,0.9992425517589631,0.0,9,27
annulus2d,100,0.1,0.99,1017,0.09954426166098296,0.8661319722931098,0.8705821968030503,0.9997475172529877,0.9992425517589631,0.0,9,283
annulus2d,100,0.3,0.5,10,0.2900203455994782,0.8661319722931098,0.8692915690866511,0.9997475172529877,0.999663356337317,0.0,6,4
annulus2d,100,0.3,0.8,29,0.2999453597164644,0.8661319722931098,0.8691007536401552,0.9997475172529877,0.999663356337317,0.0,7,11
annulus2d,100,0.3,0.9,61,0.29673501236410604,0.8661319722931098,0.8689735898748994,0.9997475172529877,0.999663356337317,0.0,7,23
annulus2d,100,0.3,0.99,627,0.29918759522964433,0.8661319722931098,0.8689735898748994,0.9997475172529877,0.999663356337317,0.0,7,244
annulus2d,100,0.5,0.5,7,0.44355165476241887,0.8661319722931098,0.868147931588949,0.9997475172529877,0.999663356337317,0.0,4,3
annulus2d,100,0.5,0.8,19,0.47744841709591834,0.8661319722931098,0.8680210464776381,0.9997475172529877,0.999663356337317,0.0,4,10
annulus2d,100,0.5,0.9,38,0.49028157643534775,0.8661319722931098,0.8680844843966966,0.9997475172529877,0.999663356337317,0.0,5,20
annulus2d,100,0.5,0.99,385,0.4999027780410835,0.8661319722931098,0.8679672658190852,0.9997475172529877,0.9997475172529877,0.0,5,212
annulus2d,1000,0.1,0.5,341,0.09992909734637068,0.8661319722931098,0.9306063982174121,0.9997475172529877,0.9841777478538967,0.006,195,8
annulus2d,1000,0.1,0.8,944,0.09957065992193515,0.8661319722931098,0.9264113699170944,0.9997475172529877,0.9874600235650564,0.008,225,24
annulus2d,1000,0.1,0.9,1963,0.0999631590233101,0.8661319722931098,0.9250236518448439,0.9997475172529877,0.9874600235650564,0.008,242,52
annulus2d,1000,0.1,0.99,20411,0.09993432101904709,0.8661319722931098,0.9245491060880523,0.9997475172529877,0.9879649890590809,0.008,255,541
annulus2d,1000,0.3,0.5,214,0.2995408164032075,0.8661319722931098,0.9092727972297038,0.9997475172529877,0.9944453795657296,0.004,122,8
annulus2d,1000,0.3,0.8,607,0.29813024769776264,0.8661319722931098,0.9074727635415069,0.9997475172529877,0.9954553105537788,0.004,141,23
annulus2d,1000,0.3,0.9,1269,0.29998998978455704,0.8661319722931098,0.9069303894510886,0.9997475172529877,0.9956236323851203,0.004,147,48
annulus2d,1000,0.3,0.99,13173,0.29999455083139703,0.8661319722931098,0.9070908394020698,0.9997475172529877,0.9958761151321326,0.004,150,508
annulus2d,1000,0.5,0.5,158,0.4862786140035491,0.8661319722931098,0.8997269417475728,0.9997475172529877,0.9983167816865848,0.0,88,7
annulus2d,1000,0.5,0.8,443,0.4991214181339252,0.8661319722931098,0.8977074979193463,0.9997475172529877,0.9985692644335971,0.0,103,22
annulus2d,1000,0.5,0.9,920,0.4995055506879059,0.8661319722931098,0.8974960284439065,0.9997475172529877,0.9984851035179263,0.0,109,46
annulus2d,1000,0.5,0.99,9566,0.499854819334398,0.8661319722931098,0.897428139183056,0.9997475172529877,0.9984851035179263,0.0,110,481
