study,dataset,arm,n,iou_true,iou_selfstab,repeats,frac,jitter,dalpha_max,iou_vs_base,tol
A,annulus2d,calibrated,100,0.603880232202872,NaN,,,,,,
A,annulus2d,calibrated,300,0.7435704428553507,0.8062960142168063,,,,,,
A,annulus2d,calibrated,1000,0.8522114347357066,0.8491910989896485,,,,,,
A,annulus2d,calibrated,3000,0.9034225169601342,0.9226881184594575,,,,,,
B,annulus2d,calibrated,,,,1,0.1,0.0,0.5475433617537108,0.9696313831586066,
B,annulus2d,calibrated,,,,1,0.1,0.02,0.4520063611858399,0.9557756696428571,
B,annulus2d,calibrated,,,,1,0.5,0.0,0.8136626201913851,0.8977955911823647,
B,annulus2d,calibrated,,,,1,0.5,0.02,0.7831917008520498,0.8995605775266792,
B,annulus2d,calibrated,,,,3,0.1,0.0,0.7392972101354031,0.9348549070753179,
B,annulus2d,calibrated,,,,3,0.1,0.02,0.6578498996467544,0.9221974344673731,
B,annulus2d,calibrated,,,,3,0.5,0.0,0.9188963902333026,0.8879529266026633,
B,annulus2d,calibrated,,,,3,0.5,0.02,0.9680080875926607,0.83544921875,
B,annulus2d,calibrated,,,,10,0.1,0.0,0.8927416840956749,0.9009552538964304,
B,annulus2d,calibrated,,,,10,0.1,0.02,0.9925257730387874,0.6894050359210434,
B,annulus2d,calibrated,,,,10,0.5,0.0,0.9777780809898229,0.8162614587485054,
B,annulus2d,calibrated,,,,10,0.5,0.02,0.9994916628015433,0.6878487723214286,
B,annulus2d,fixed,,,,1,0.1,0.0,0.12256925815699238,0.984637468694643,
B,annulus2d,fixed,,,,1,0.1,0.02,0.06973166865253333,0.9872305242528172,
B,annulus2d,fixed,,,,1,0.5,0.0,0.26444045093125856,0.9378072548506269,
B,annulus2d,fixed,,,,1,0.5,0.02,0.24849282274006823,0.9416145802909048,
B,annulus2d,fixed,,,,3,0.1,0.0,0.20381586621490444,0.9631920169699143,
B,annulus2d,fixed,,,,3,0.1,0.02,0.2452524372989816,0.9593798357338412,
B,annulus2d,fixed,,,,3,0.5,0.0,0.45439887536659573,0.8903833406981883,
B,annulus2d,fixed,,,,3,0.5,0.02,0.4414269040552917,0.8982224451131171,
B,annulus2d,fixed,,,,10,0.1,0.0,0.49611609936015666,0.9256101062302613,
B,annulus2d,fixed,,,,10,0.1,0.02,0.4500122570307211,0.9184376958577859,
B,annulus2d,fixed,,,,10,0.5,0.0,0.6734868056217249,0.8286595553270788,
B,annulus2d,fixed,,,,10,0.5,0.02,0.6838184284932693,0.8290644447873271,
C,annulus2d,calibrated,,,,,,,,0.6646902901785714,0.0
C,annulus2d,calibrated,,,,,,,,0.806276150627615,0.01
C,annulus2d,calibrated,,,,,,,,0.9381456866486807,0.05
C,annulus2d,fixed,,,,,,,,0.8198718274757133,0.0
C,annulus2d,fixed,,,,,,,,0.8269378751346638,0.01
C,annulus2d,fixed,,,,,,,,0.8962995913147432,0.05
A,linear2d,calibrated,100,0.6213060448030437,NaN,,,,,,
A,linear2d,calibrated,300,0.7603903144199494,0.7997335413010983,,,,,,
A,linear2d,calibrated,1000,0.8569489685124865,0.8725447228973265,,,,,,
A,linear2d,calibrated,3000,0.9023054205963609,0.9383376810290546,,,,,,
B,linear2d,calibrated,,,,1,0.1,0.0,0.537478126829543,0.9745305980528511,
B,linear2d,calibrated,,,,1,0.1,0.02,0.31868122762622875,0.9657979007294076,
B,linear2d,calibrated,,,,1,0.5,0.0,0.8387983501235812,0.8942752352096954,
B,linear2d,calibrated,,,,1,0.5,0.02,0.7666203715846955,0.9126408121465782,
B,linear2d,calibrated,,,,3,0.1,0.0,0.8386105196832545,0.9484143763213531,
B,linear2d,calibrated,,,,3,0.1,0.02,0.714815499448999,0.9189694299826459,
B,linear2d,calibrated,,,,3,0.5,0.0,0.9211976497765519,0.8697607692605948,
B,linear2d,calibrated,,,,3,0.5,0.02,0.9701092918278196,0.837403083504144,
B,linear2d,calibrated,,,,10,0.1,0.0,0.8988538648770212,0.9311361089203437,
B,linear2d,calibrated,,,,10,0.1,0.02,0.9925347624901909,0.7225067925704869,
B,linear2d,calibrated,,,,10,0.5,0.0,0.9694616535953562,0.8221969724737016,
B,linear2d,calibrated,,,,10,0.5,0.02,0.99985507639075,0.665700784593438,
B,linear2d,fixed,,,,1,0.1,0.0,0.12250728630988372,0.9869682232400019,
B,linear2d,fixed,,,,1,0.1,0.02,0.1141924891160232,0.9873178565524408,
B,linear2d,fixed,,,,1,0.5,0.0,0.30274570647118193,0.9363255616027235,
B,linear2d,fixed,,,,1,0.5,0.02,0.2653934202135728,0.9414069537020356,
B,linear2d,fixed,,,,3,0.1,0.0,0.27311973870843886,0.9583037249283668,
B,linear2d,fixed,,,,3,0.1,0.02,0.2973786660929979,0.9693021099003014,
B,linear2d,fixed,,,,3,0.5,0.0,0.46204043415038887,0.8958748526733098,
B,linear2d,fixed,,,,3,0.5,0.02,0.5211520899283658,0.8897165233676684,
B,linear2d,fixed,,,,10,0.1,0.0,0.5781183656911707,0.914912242307524,
B,linear2d,fixed,,,,10,0.1,0.02,0.47850061967436774,0.9309254475817227,
B,linear2d,fixed,,,,10,0.5,0.0,0.7373943805829558,0.8229365563670007,
B,linear2d,fixed,,,,10,0.5,0.02,0.7112220040444857,0.8250641405170712,
C,linear2d,calibrated,,,,,,,,0.6952567760342369,0.0
C,linear2d,calibrated,,,,,,,,0.8016761021709089,0.01
C,linear2d,calibrated,,,,,,,,0.941428751629315,0.05
C,linear2d,fixed,,,,,,,,0.821707254751656,0.0
C,linear2d,fixed,,,,,,,,0.8318443201942018,0.01
C,linear2d,fixed,,,,,,,,0.9004286114282022,0.05
