dataset,n,kind,gamma,s,m,kappa,eta,aupr
linear2d,100,calibrated,0.5,1.0,NaN,NaN,NaN,0.9499982041617243
linear2d,100,calibrated,0.5,2.0,NaN,NaN,NaN,0.9664903950692171
linear2d,100,calibrated,0.5,3.0,NaN,NaN,NaN,0.980034926693918
linear2d,100,calibrated,0.5,5.0,NaN,NaN,NaN,0.9891512116436949
linear2d,100,calibrated,1.0,1.0,NaN,NaN,NaN,0.9393075617748106
linear2d,100,calibrated,1.0,2.0,NaN,NaN,NaN,0.9537863792115429
linear2d,100,calibrated,1.0,3.0,NaN,NaN,NaN,0.9683904169953752
linear2d,100,calibrated,1.0,5.0,NaN,NaN,NaN,0.9859835681491902
linear2d,100,calibrated,2.0,1.0,NaN,NaN,NaN,0.9160225435980343
linear2d,100,calibrated,2.0,2.0,NaN,NaN,NaN,0.9293044807320748
linear2d,100,calibrated,2.0,3.0,NaN,NaN,NaN,0.9435464038521522
linear2d,100,calibrated,2.0,5.0,NaN,NaN,NaN,0.9694726199105814
linear2d,100,m_sweep,1.0,3.0,1.0,NaN,NaN,0.9978724451067312
linear2d,100,m_sweep,1.0,3.0,3.0,NaN,NaN,0.9915312210842255
linear2d,100,m_sweep,1.0,3.0,5.0,NaN,NaN,0.9873742261412914
linear2d,1000,calibrated,0.5,1.0,NaN,NaN,NaN,0.9841759052181899
linear2d,1000,calibrated,0.5,2.0,NaN,NaN,NaN,0.9914988161375182
linear2d,1000,calibrated,0.5,3.0,NaN,NaN,NaN,0.9955685857330323
linear2d,1000,calibrated,0.5,5.0,NaN,NaN,NaN,0.9975787133032026
linear2d,1000,calibrated,1.0,1.0,NaN,NaN,NaN,0.9823541984432411
linear2d,1000,calibrated,1.0,2.0,NaN,NaN,NaN,0.9886761444946695
linear2d,1000,calibrated,1.0,3.0,NaN,NaN,NaN,0.9934016588984848
linear2d,1000,calibrated,1.0,5.0,NaN,NaN,NaN,0.9966470999133865
linear2d,1000,calibrated,2.0,1.0,NaN,NaN,NaN,0.9777994144972236
linear2d,1000,calibrated,2.0,2.0,NaN,NaN,NaN,0.9826384243887025
linear2d,1000,calibrated,2.0,3.0,NaN,NaN,NaN,0.9880196655012031
linear2d,1000,calibrated,2.0,5.0,NaN,NaN,NaN,0.9940227982679892
linear2d,1000,m_sweep,1.0,3.0,1.0,NaN,NaN,0.9991462844370715
linear2d,1000,m_sweep,1.0,3.0,3.0,NaN,NaN,0.9979793398885506
linear2d,1000,m_sweep,1.0,3.0,5.0,NaN,NaN,0.9973753600919024
annulus2d,100,calibrated,0.5,1.0,NaN,NaN,NaN,0.9305380723832973
annulus2d,100,calibrated,0.5,2.0,NaN,NaN,NaN,0.9476699990083038
annulus2d,100,calibrated,0.5,3.0,NaN,NaN,NaN,0.9550172697490915
annulus2d,100,calibrated,0.5,5.0,NaN,NaN,NaN,0.9504546996854113
annulus2d,100,calibrated,1.0,1.0,NaN,NaN,NaN,0.919951813148289
annulus2d,100,calibrated,1.0,2.0,NaN,NaN,NaN,0.9366384421431226
annulus2d,100,calibrated,1.0,3.0,NaN,NaN,NaN,0.9470981628940824
annulus2d,100,calibrated,1.0,5.0,NaN,NaN,NaN,0.9499268710782393
annulus2d,100,calibrated,2.0,1.0,NaN,NaN,NaN,0.8995348411047008
annulus2d,100,calibrated,2.0,2.0,NaN,NaN,NaN,0.9140167394276164
annulus2d,100,calibrated,2.0,3.0,NaN,NaN,NaN,0.9286918604288714
annulus2d,100,calibrated,2.0,5.0,NaN,NaN,NaN,0.9407759219752593
annulus2d,100,m_sweep,1.0,3.0,1.0,NaN,NaN,0.9932681616049106
annulus2d,100,m_sweep,1.0,3.0,3.0,NaN,NaN,0.9838355114677301
annulus2d,100,m_sweep,1.0,3.0,5.0,NaN,NaN,0.9790999493288677
annulus2d,1000,calibrated,0.5,1.0,NaN,NaN,NaN,0.9833322606051693
annulus2d,1000,calibrated,0.5,2.0,NaN,NaN,NaN,0.9922843459716667
annulus2d,1000,calibrated,0.5,3.0,NaN,NaN,NaN,0.9964591251636137
annulus2d,1000,calibrated,0.5,5.0,NaN,NaN,NaN,0.9981498585294902
annulus2d,1000,calibrated,1.0,1.0,NaN,NaN,NaN,0.9800956798514964
annulus2d,1000,calibrated,1.0,2.0,NaN,NaN,NaN,0.988462975654917
annulus2d,1000,calibrated,1.0,3.0,NaN,NaN,NaN,0.9941532143443537
annulus2d,1000,calibrated,1.0,5.0,NaN,NaN,NaN,0.9973294492443612
annulus2d,1000,calibrated,2.0,1.0,NaN,NaN,NaN,0.9729502052488946
annulus2d,1000,calibrated,2.0,2.0,NaN,NaN,NaN,0.9792122932450891
annulus2d,1000,calibrated,2.0,3.0,NaN,NaN,NaN,0.9869202607105563
annulus2d,1000,calibrated,2.0,5.0,NaN,NaN,NaN,0.9940651051403647
annulus2d,1000,m_sweep,1.0,3.0,1.0,NaN,NaN,0.9987195543507379
annulus2d,1000,m_sweep,1.0,3.0,3.0,NaN,NaN,0.9971168071817591
annulus2d,1000,m_sweep,1.0,3.0,5.0,NaN,NaN,0.9965927246913753
poly5d,100,calibrated,0.5,1.0,NaN,NaN,NaN,0.8292047800706567
poly5d,100,calibrated,0.5,2.0,NaN,NaN,NaN,0.7198658745602479
poly5d,100,calibrated,0.5,3.0,NaN,NaN,NaN,0.08154673735090044
poly5d,100,calibrated,0.5,5.0,NaN,NaN,NaN,0.02103527329767124
poly5d,100,calibrated,1.0,1.0,NaN,NaN,NaN,0.8105875958049081
poly5d,100,calibrated,1.0,2.0,NaN,NaN,NaN,0.8139738263472117
poly5d,100,calibrated,1.0,3.0,NaN,NaN,NaN,0.13568556232974446
poly5d,100,calibrated,1.0,5.0,NaN,NaN,NaN,0.02191172465802208
poly5d,100,calibrated,2.0,1.0,NaN,NaN,NaN,0.7463666050059343
poly5d,100,calibrated,2.0,2.0,NaN,NaN,NaN,0.822774590892869
poly5d,100,calibrated,2.0,3.0,NaN,NaN,NaN,0.44255301233271904
poly5d,100,calibrated,2.0,5.0,NaN,NaN,NaN,0.031947710821294405
poly5d,100,m_sweep,1.0,3.0,1.0,NaN,NaN,0.6861169789105517
poly5d,100,m_sweep,1.0,3.0,3.0,NaN,NaN,0.41095840867992767
poly5d,100,m_sweep,1.0,3.0,5.0,NaN,NaN,0.2922086813638231
poly5d,1000,calibrated,0.5,1.0,NaN,NaN,NaN,0.9092799811124097
poly5d,1000,calibrated,0.5,2.0,NaN,NaN,NaN,0.33389487870619944
poly5d,1000,calibrated,0.5,3.0,NaN,NaN,NaN,0.048592723350004904
poly5d,1000,calibrated,0.5,5.0,NaN,NaN,NaN,0.019843017900764887
poly5d,1000,calibrated,1.0,1.0,NaN,NaN,NaN,0.9006749128133181
poly5d,1000,calibrated,1.0,2.0,NaN,NaN,NaN,0.540457353182222
poly5d,1000,calibrated,1.0,3.0,NaN,NaN,NaN,0.07064946175233479
poly5d,1000,calibrated,1.0,5.0,NaN,NaN,NaN,0.02011610912633972
poly5d,1000,calibrated,2.0,1.0,NaN,NaN,NaN,0.8669607639262942
poly5d,1000,calibrated,2.0,2.0,NaN,NaN,NaN,0.8509710398583022
poly5d,1000,calibrated,2.0,3.0,NaN,NaN,NaN,0.16224623444662736
poly5d,1000,calibrated,2.0,5.0,NaN,NaN,NaN,0.024122486733849376
poly5d,1000,m_sweep,1.0,3.0,1.0,NaN,NaN,0.6974386172901132
poly5d,1000,m_sweep,1.0,3.0,3.0,NaN,NaN,0.5270862004253722
poly5d,1000,m_sweep,1.0,3.0,5.0,NaN,NaN,0.383763373190686
linear2d,1000,fixed,NaN,NaN,NaN,0.1,0.1,0.5732491807258162
linear2d,1000,fixed,NaN,NaN,NaN,0.1,0.5,0.574644117289208
linear2d,1000,fixed,NaN,NaN,NaN,0.1,1.0,0.5770664060113629
linear2d,1000,fixed,NaN,NaN,NaN,0.1,2.0,0.5822956478855875
linear2d,1000,fixed,NaN,NaN,NaN,0.1,5.0,0.5986058301647655
linear2d,1000,fixed,NaN,NaN,NaN,0.5,0.1,0.22400341483079989
linear2d,1000,fixed,NaN,NaN,NaN,0.5,0.5,0.22471749732365887
linear2d,1000,fixed,NaN,NaN,NaN,0.5,1.0,0.2256731251642497
linear2d,1000,fixed,NaN,NaN,NaN,0.5,2.0,0.22745551301500155
linear2d,1000,fixed,NaN,NaN,NaN,0.5,5.0,0.23311944718657454
linear2d,1000,fixed,NaN,NaN,NaN,1.0,0.1,0.19092470944921677
linear2d,1000,fixed,NaN,NaN,NaN,1.0,0.5,0.19102123356926187
linear2d,1000,fixed,NaN,NaN,NaN,1.0,1.0,0.19112945651734045
linear2d,1000,fixed,NaN,NaN,NaN,1.0,2.0,0.1913501468651879
linear2d,1000,fixed,NaN,NaN,NaN,1.0,5.0,0.192109009558674
linear2d,1000,fixed,NaN,NaN,NaN,2.0,0.1,0.18892
linear2d,1000,fixed,NaN,NaN,NaN,2.0,0.5,0.18892
linear2d,1000,fixed,NaN,NaN,NaN,2.0,1.0,0.18892
linear2d,1000,fixed,NaN,NaN,NaN,2.0,2.0,0.18892
linear2d,1000,fixed,NaN,NaN,NaN,2.0,5.0,0.18892
linear2d,1000,fixed,NaN,NaN,NaN,5.0,0.1,0.18892
linear2d,1000,fixed,NaN,NaN,NaN,5.0,0.5,0.18892
linear2d,1000,fixed,NaN,NaN,NaN,5.0,1.0,0.18892
linear2d,1000,fixed,NaN,NaN,NaN,5.0,2.0,0.18892
linear2d,1000,fixed,NaN,NaN,NaN,5.0,5.0,0.18892
