arm,n,halo_max,halo_p95,precision,recall,d_tilde
fixed,30,1.0265922720115368,0.868967947529395,0.8959975557592423,0.7706012192558335,0.8909619784193576
calibrated,30,3.4883756960753076,3.1064865294237167,0.4263786496963721,1.0,0.8909619784193576
calibrated_sN,30,1.8927678278653315,1.5040570941751057,0.7010166704044255,0.985652722303973,0.8909619784193576
fixed,100,1.1989971493755203,0.9856922170591073,0.659589525831564,0.9963119354321449,0.4308684410278325
calibrated,100,1.4124417896920864,1.1520716532156972,0.6083042499755373,0.9968464375434283,0.4308684410278325
calibrated_sN,100,0.8537582959358859,0.7310436881039037,0.7672483679651833,0.9611416965097012,0.4308684410278325
fixed,300,1.9099738819977825,1.6515200826848269,0.5477110885045778,1.0,0.24531362211028293
calibrated,300,1.0048368945245518,0.8296013653495838,0.7678250938162833,0.9989386542135428,0.24531362211028293
calibrated_sN,300,0.741261167117765,0.623214410369104,0.8479981801637853,0.9891212056888135,0.24531362211028293
fixed,1000,2.301429415442315,2.0871014277620445,0.4561782644191519,1.0,0.13607090689558365
calibrated,1000,0.48501925044282634,0.39104152382932605,0.8551109510735023,1.0,0.13607090689558365
calibrated_sN,1000,0.39542299000001224,0.3160985941847758,0.8878749590528335,0.9986840720075797,0.13607090689558365
fixed,3000,2.7020720428652694,2.469155130053994,0.4020745391680631,1.0,0.07479128681266883
calibrated,3000,0.3423920337971288,0.2431244217835694,0.9106413644006726,1.0,0.07479128681266883
calibrated_sN,3000,0.31481933357640823,0.2268334408471432,0.9211741264518637,1.0,0.07479128681266883
fixed,10000,3.103335092927065,2.8555082040636712,0.35985036454555863,1.0,0.041192056168468355
calibrated,10000,0.1727460660940957,0.13712809201085768,0.945573112616002,0.9997878434284502,0.041192056168468355
calibrated_sN,10000,0.1727460660940957,0.13836891877048668,0.944483415171861,0.9997878434284502,0.041192056168468355
fixed,30000,3.425895658604045,3.149719811317391,0.3277369832284748,1.0,0.023587128101756123
calibrated,30000,0.10136257213450384,0.07708138975897835,0.9690139385460387,1.0,0.023587128101756123
calibrated_sN,30000,0.10201281169547974,0.08456625790305526,0.9642672991646901,1.0,0.023587128101756123
