dataset,n,draw,aupr,iou_true
linear2d,100,0,0.96193353070446,0.6597597808527077
linear2d,100,1,0.9665950506374907,0.6478844450500784
linear2d,100,2,0.9751317334499306,0.6513459826015481
linear2d,100,3,0.9575992656576627,0.7026722714307161
linear2d,100,4,0.9699507212877694,0.6053217900566554
linear2d,100,5,0.9595975267041477,0.639561474307237
linear2d,100,6,0.938738157145728,0.6266975819807883
linear2d,100,7,0.9758845837057032,0.7074369091044442
linear2d,100,8,0.9752938690911667,0.7043276430068883
linear2d,100,9,0.9816723414250477,0.6710182767624021
linear2d,300,0,0.9701907063884965,0.7242535039609994
linear2d,300,1,0.9873045195755634,0.7780689542216035
linear2d,300,2,0.9859226510977401,0.8410793249706705
linear2d,300,3,0.9848050609047689,0.7611462418954614
linear2d,300,4,0.9801071728696845,0.7366666666666667
linear2d,300,5,0.9789388942434094,0.7726161369193154
linear2d,300,6,0.974953276187399,0.7802097959857933
linear2d,300,7,0.982115040878747,0.7563253252454306
linear2d,300,8,0.9857359647962513,0.7884041141340411
linear2d,300,9,0.9840781020791818,0.7477392466776756
linear2d,1000,0,0.9931674809631404,0.8672017511856986
linear2d,1000,1,0.9912692510176929,0.8793741899648213
linear2d,1000,2,0.9928662496179301,0.8510695426474537
linear2d,1000,3,0.9922489755985815,0.8688659416978891
linear2d,1000,4,0.9929853972631427,0.8778096383313292
linear2d,1000,5,0.9897576854368284,0.8677987765908883
linear2d,1000,6,0.9921779652693008,0.863512531783509
linear2d,1000,7,0.9890920500782456,0.8767540620384048
linear2d,1000,8,0.9883617548258622,0.8687145730480892
linear2d,1000,9,0.9891583739536434,0.8483306552401357
linear2d,3000,0,0.9943341090777796,0.9176322904596369
linear2d,3000,1,0.9940715389863345,0.9192300251499322
linear2d,3000,2,0.9931353440468569,0.9083867265946256
linear2d,3000,3,0.9948181135807749,0.9140105922002889
linear2d,3000,4,0.996225513605427,0.9169640273893336
linear2d,3000,5,0.9958647048988021,0.9119508920007673
linear2d,3000,6,0.9953093836249969,0.920430315952704
linear2d,3000,7,0.995182471018955,0.9131687638075113
linear2d,3000,8,0.9960742115951317,0.9135114357101672
linear2d,3000,9,0.9949259266404692,0.918018539976825
annulus2d,100,0,0.9159974451783521,0.6360908701243034
annulus2d,100,1,0.9712542041649427,0.5908819430619152
annulus2d,100,2,0.9320135289361255,0.6265862944162437
annulus2d,100,3,0.9568196967365213,0.6055906957763721
annulus2d,100,4,0.9543664698926574,0.63615903975994
annulus2d,100,5,0.9564809502610395,0.685981308411215
annulus2d,100,6,0.9410216397373079,0.5812769291030161
annulus2d,100,7,0.9559134706455479,0.6244477172312224
annulus2d,100,8,0.9217591082454364,0.6724472333143183
annulus2d,100,9,0.9555746365588396,0.6091255536100525
annulus2d,300,0,0.9840664004711477,0.8146361631753032
annulus2d,300,1,0.9761555941319099,0.7519350336251744
annulus2d,300,2,0.971641487195392,0.7452605147520401
annulus2d,300,3,0.9734427332430832,0.7395041734147253
annulus2d,300,4,0.9830372787745688,0.7496522948539638
annulus2d,300,5,0.9649216720189995,0.7809889964205223
annulus2d,300,6,0.9755714103615168,0.7715960912052118
annulus2d,300,7,0.9854680441612412,0.7108982035928144
annulus2d,300,8,0.9737710861275977,0.7397806580259222
annulus2d,300,9,0.975218874040958,0.7416489428249718
annulus2d,1000,0,0.9919637813154156,0.8424638092534772
annulus2d,1000,1,0.9888746281797236,0.840625
annulus2d,1000,2,0.9919895038310478,0.8503869303525365
annulus2d,1000,3,0.9880803027052454,0.8527677929547088
annulus2d,1000,4,0.9894310461865105,0.840702947845805
annulus2d,1000,5,0.9878800394784084,0.847720103240608
annulus2d,1000,6,0.9907626993645726,0.8570603522956973
annulus2d,1000,7,0.9897997979706571,0.8553105634817697
annulus2d,1000,8,0.9891598114760013,0.8593161402492031
annulus2d,1000,9,0.9904757616755364,0.8467465753424658
annulus2d,3000,0,0.995922039443176,0.9033485540334856
annulus2d,3000,1,0.9947630436230792,0.9065077910174152
annulus2d,3000,2,0.9958238653065103,0.8975949175616397
annulus2d,3000,3,0.996085874448722,0.9167438986716095
annulus2d,3000,4,0.9954932798601828,0.9027841168416249
annulus2d,3000,5,0.9948488000297716,0.9080195898377716
annulus2d,3000,6,0.9958511683742037,0.9042536972099405
annulus2d,3000,7,0.9942366575614422,0.9102760736196319
annulus2d,3000,8,0.9955355616584312,0.9005918955835484
annulus2d,3000,9,0.9946106798774499,0.9037758830694276
