arm,rho,n,aupr,iou,halo_max,sigma_aniso_frac,sigma_aniso_ratio
iso,0.0,100,0.9762729152391525,0.25644171779141106,0.7746972347108404,1.0,1.6917000340797563
diag,0.0,100,0.9810163331824984,0.25570962479608483,0.8104213163236157,1.0,1.6917000340797563
full,0.0,100,0.9814141932056585,0.2569672131147541,0.8104213163236157,1.0,1.6917000340797563
deployed,0.0,100,0.9634289359710557,0.6921373200442967,0.1762574480830953,1.0,1.6917000340797563
iso,0.0,300,0.9528181595517026,0.35584562996594776,0.4879994059734255,1.0,1.5348409633109759
diag,0.0,300,0.956914908576614,0.37702946482260974,0.4477071522626922,1.0,1.5348409633109759
full,0.0,300,0.9486908200279723,0.37725631768953066,0.4624176420802467,1.0,1.5348409633109759
deployed,0.0,300,0.9819138697542106,0.7428909952606635,0.11588592899651184,1.0,1.5348409633109759
iso,0.0,1000,0.9920394767623008,0.5203319502074689,0.28017645896528764,1.0,1.6031127114118997
diag,0.0,1000,0.9923981476328114,0.5456919060052219,0.22770202396225658,1.0,1.6031127114118997
full,0.0,1000,0.9921739269144096,0.5447437011294527,0.24529626699845475,1.0,1.6031127114118997
deployed,0.0,1000,0.9927946229282727,0.8771186440677966,0.05976837564613258,1.0,1.6031127114118997
iso,1.0,100,0.8861044224323125,0.11595889082800077,3.2940547840346643,1.0,1.388930601740511
diag,1.0,100,0.8672449230638195,0.11746218817521116,3.2621661093292005,1.0,1.388930601740511
full,1.0,100,0.8966752975067064,0.16455696202531644,1.8738890608522114,1.0,1.388930601740511
deployed,1.0,100,0.8865535099998917,0.5173010380622838,0.6925861727249595,1.0,1.388930601740511
iso,1.0,300,0.923021889853819,0.22025782688766113,1.5520455011694332,1.0,1.6613163662166452
diag,1.0,300,0.9247142356119804,0.22288483041371598,1.5520455011694332,1.0,1.6613163662166452
full,1.0,300,0.9272915615231697,0.24947851481017938,1.2876445027345498,1.0,1.6613163662166452
deployed,1.0,300,0.9433005069815946,0.6364605543710021,0.3808962707502477,1.0,1.6613163662166452
iso,1.0,1000,0.9791122453643666,0.3617664851784634,0.8148733565589411,1.0,1.5307374419738249
diag,1.0,1000,0.976408773510202,0.3639683505782106,0.8445554005815462,1.0,1.5307374419738249
full,1.0,1000,0.9770444515302461,0.3941990771259064,0.7063115192001373,1.0,1.5307374419738249
deployed,1.0,1000,0.9868564021952296,0.7569620253164557,0.19708476438068512,1.0,1.5307374419738249
iso,3.0,100,0.8693132162445387,0.10555250137438153,1.43988293741956,1.0,1.5062994629468651
diag,3.0,100,0.8686545855004016,0.10607734806629834,1.435986431090952,1.0,1.5062994629468651
full,3.0,100,0.8751280366757863,0.156734693877551,0.8367916665392657,1.0,1.5062994629468651
deployed,3.0,100,0.8669080296211868,0.4470588235294118,0.36734059307457345,1.0,1.5062994629468651
iso,3.0,300,0.9154646099309015,0.20512820512820512,0.6919866806423084,1.0,1.6069268911370953
diag,3.0,300,0.9328763295425285,0.20600858369098712,0.6919866806423084,1.0,1.6069268911370953
full,3.0,300,0.9305438861388424,0.2397003745318352,0.6107625877931577,1.0,1.6069268911370953
deployed,3.0,300,0.9409128237381161,0.5549132947976878,0.1988294501598958,1.0,1.6069268911370953
iso,3.0,1000,0.9481859605652628,0.3037974683544304,0.442354119669195,1.0,1.5604280591553854
diag,3.0,1000,0.9449545635479315,0.3086816720257235,0.40940593821315163,1.0,1.5604280591553854
full,3.0,1000,0.9421175227441919,0.32764505119453924,0.3711320280550622,1.0,1.5604280591553854
deployed,3.0,1000,0.9689292117547033,0.6857142857142857,0.10489772093681507,1.0,1.5604280591553854
