n,k,err_max,err_mean,err_p99,flip_zeta05,q_secs_full,q_secs_trunc,tree_build_secs,model_mem_mb,full_py_peak_mb,trunc_py_peak_mb
1000,8,0.7926825191432731,0.2236235760033788,0.6768397247313593,0.1965,0.4759276951663196,0.030102312797680497,0.00019689789041876793,0.08,0.449488,11.604892
1000,32,0.5047260866746561,0.07391577720197641,0.38908114482019496,0.0564,0.4759276951663196,0.07058182707987726,0.00023379409685730934,0.08,0.449488,46.164732
1000,128,0.23071783374317922,0.016895503447154306,0.1345820656743771,0.0117,0.4759276951663196,0.178693215129897,0.00019776285625994205,0.08,0.449488,184.404756
1000,512,0.02127903030976619,0.0010111594121460208,0.010254973550515611,0.0006,0.4759276951663196,0.9326360858976841,0.0002061380073428154,0.08,0.449488,737.364756
10000,8,0.9303355876963921,0.3034082956727948,0.7656642369574058,0.3277,0.052839278941974044,0.03865002794191241,0.0014048309531062841,0.8,0.094453,11.6047
10000,32,0.7152530157030158,0.15334015368416712,0.5111326861238793,0.1568,0.052839278941974044,0.24684715690091252,0.0041153880301862955,0.8,0.094453,46.164732
10000,128,0.438663690288265,0.056579688279306956,0.24181670907893693,0.055,0.052839278941974044,0.3061578229535371,0.0014602679293602705,0.8,0.094453,184.404756
10000,512,0.18643793731336755,0.012075890274995303,0.0704985300006992,0.0097,0.052839278941974044,1.0488195961806923,0.0014888159930706024,0.8,0.094453,737.364756
100000,8,0.9288528631067452,0.1762561124867409,0.8220640519325171,0.1812,0.8281684988178313,0.08604786894284189,0.017173886066302657,8.0,0.094815,11.6047
100000,32,0.7694917142236332,0.10776854033062068,0.6046875182624851,0.1144,0.8281684988178313,0.14618801698088646,0.017244799993932247,8.0,0.094815,46.164732
100000,128,0.545792820703142,0.05129914867570434,0.33655112726073527,0.0561,0.8281684988178313,0.6975580700673163,0.01762231905013323,8.0,0.094815,184.404756
100000,512,0.27789764130121386,0.015938163889423804,0.12483982607947976,0.0169,0.8281684988178313,1.3860699401702732,0.17522728396579623,8.0,0.094815,737.364756
600000,8,0.9097497570677043,0.09116059290282469,0.812656928980561,0.0897,4.7115588379092515,0.2626224590931088,0.45045889797620475,48.0,0.094431,11.6047
600000,32,0.7822484508131378,0.05721711539141262,0.6041766353428831,0.0547,4.7115588379092515,0.45605950290337205,0.13027963088825345,48.0,0.094431,46.164732
600000,128,0.558007913947508,0.029352910096184952,0.3496595589046187,0.0278,4.7115588379092515,1.4662170968949795,0.14372021914459765,48.0,0.094431,184.404788
600000,512,0.2929954488500588,0.010700381908305868,0.13867552823548512,0.0088,4.7115588379092515,2.9961472179275006,0.13815776002593338,48.0,0.094431,737.364732
