dataset,n_anchor,method,order_dev,aupr,auroc,max_f1,p_at_r90,r_at_p95
linear2d,10,autosafe,4.440892098500626e-16,0.8723605314668101,0.9677106211177512,0.7977656901724516,0.7052154195011338,0.3761115495922126
linear2d,10,kde,NaN,0.8679649035118349,0.9704452080874743,0.7960402636651358,0.7090449345050572,0.213733228097869
linear2d,10,ocsvm,NaN,0.9061711886720969,0.9758334236741371,0.8043058648849295,0.720878287255563,0.531333859510655
linear2d,10,knn_dist,NaN,0.8167399548134888,0.9487127165534025,0.7426327088212333,0.5931345353675451,0.2736648250460405
linear2d,10,iforest,NaN,0.5994469655919481,0.7981431358554016,0.5272937945240752,0.24730390030936478,0.24561957379636937
linear2d,10,gmm,NaN,0.4046042644082781,0.8056759562023887,0.512574934023105,0.3380501590940532,0.002052091554853986
linear2d,10,convex_hull,NaN,0.43105327545382793,0.648776637726914,0.4586374695863747,0.19005,0.2975532754538279
linear2d,100,autosafe,1.3322676295501878e-15,0.9425444027262413,0.9877503015596322,0.8848104815069714,0.8674509406216724,0.5981057616416733
linear2d,100,kde,NaN,0.931773803488555,0.9870380174727316,0.8842620943049603,0.8543175348349398,0.4529334385687977
linear2d,100,ocsvm,NaN,0.9964256289867951,0.9991038867918725,0.9681392806676087,0.9952295072430043,0.9792159957905814
linear2d,100,knn_dist,NaN,0.930833623917181,0.9873843928023659,0.8881275663148348,0.8706163790909554,0.46808734543541175
linear2d,100,iforest,NaN,0.9042648546345541,0.9655980829981954,0.8208245895568449,0.6667446120269691,0.7094448829255459
linear2d,100,gmm,NaN,0.9695452672863077,0.9914576432209503,0.9007837074158982,0.9004105695336351,0.8359379110760327
linear2d,100,convex_hull,NaN,0.9041101026045777,0.9408050513022889,0.9370805369127516,0.19005,0.8816101026045777
linear2d,1000,autosafe,1.2212453270876722e-15,0.9928148289702821,0.9984366904398188,0.960100337069844,0.9789949633699634,0.9696395685345962
linear2d,1000,kde,NaN,0.9955052154104551,0.9990221651100519,0.9717076719233066,0.9854380108207667,0.9917916337805841
linear2d,1000,ocsvm,NaN,0.9954917145010685,0.9988287823574976,0.963180519584546,0.9992993928070995,0.9679031833727967
linear2d,1000,knn_dist,NaN,0.9913517360906822,0.9982919340206315,0.9625400434018807,0.9773220610076545,0.9742699289660616
linear2d,1000,iforest,NaN,0.9518585714869269,0.9785324505546715,0.9127872213205775,0.8194797106309587,0.865982636148382
linear2d,1000,gmm,NaN,0.9982236421445658,0.9995810174620612,0.9768134106219645,0.997202308095821,0.9949486977111287
linear2d,1000,convex_hull,NaN,0.9875982399368587,0.9923441199684293,0.9922850552771814,1.0,0.9846882399368587
annulus2d,10,autosafe,5.551115123125783e-16,0.8677683292469247,0.9902619044249573,0.9022266009852217,0.8790946502057613,0.01196595601247156
annulus2d,10,kde,NaN,0.8256622058905287,0.9757246929836867,0.7610434262650422,0.650804289544236,0.17375916406842504
annulus2d,10,ocsvm,NaN,0.8597650190100156,0.9901939373669155,0.9002276792974468,0.8925378123172056,0.03210583972360327
annulus2d,10,knn_dist,NaN,0.8327298726512475,0.9852443827736389,0.8391812865497076,0.7842719729789265,0.0010112075503497092
annulus2d,10,iforest,NaN,0.6319072109564654,0.9370917835843087,0.6499488229273286,0.38895156301175443,0.000758405662762282
annulus2d,10,gmm,NaN,0.33914286186240383,0.8577283919922192,0.456061849006886,0.2988946411081573,0.0008426729586247577
annulus2d,10,convex_hull,NaN,0.4969359544342505,0.7429642097787409,0.6342227503510857,0.11867,0.0
annulus2d,100,autosafe,1.2212453270876722e-15,0.9413548430780423,0.9928574180267824,0.8921001157638417,0.8732428898332788,0.5046768349203674
annulus2d,100,kde,NaN,0.9356559145114887,0.9924493278810439,0.8865128944417748,0.8635297922224917,0.44400438189938485
annulus2d,100,ocsvm,NaN,0.8248846235751143,0.9902003693061354,0.9142504626773595,0.9118149223151785,0.003117889946911604
annulus2d,100,knn_dist,NaN,0.9518886281310714,0.9934133098714192,0.8798650538961573,0.8601224029634401,0.6678183197101205
annulus2d,100,iforest,NaN,0.7974552773587187,0.962566071670155,0.7746117749504136,0.4873163609818414,0.14114772056964692
annulus2d,100,gmm,NaN,0.8004538946897355,0.987906936935943,0.8823675086676572,0.8648801813471503,0.0
annulus2d,100,convex_hull,NaN,0.7426568962566679,0.8838169948128691,0.8431166216772659,0.11867,0.0
annulus2d,1000,autosafe,1.3322676295501878e-15,0.9910223874575088,0.9989438319802081,0.9615368656902202,0.9765296803652967,0.9725288615488329
annulus2d,1000,kde,NaN,0.9946917903018239,0.9993464453684244,0.9693630520076801,0.9849824949327437,0.9855902924075166
annulus2d,1000,ocsvm,NaN,0.8174325430252666,0.9911784447682069,0.9603481231444956,0.9362448979591836,0.0
annulus2d,1000,knn_dist,NaN,0.9905706151634606,0.9989208531196059,0.9628674788972513,0.9756119839240044,0.9758995533833319
annulus2d,1000,iforest,NaN,0.9175581951765638,0.9915120718554488,0.9312634899551719,0.9305990943921978,0.21294345664447628
annulus2d,1000,gmm,NaN,0.9975739231165336,0.9996755231518445,0.9751243781094527,0.9939546130952381,0.9941855565854891
annulus2d,1000,convex_hull,NaN,0.9006927815321378,0.9739830013857181,0.9462849522857023,0.9360263808738665,0.0
twoblobs2d,10,autosafe,3.3306690738754696e-16,0.6807336627890679,0.9847499308437068,0.6689323801711005,0.465393452039058,0.002777777777777778
twoblobs2d,10,kde,NaN,0.6813435080817791,0.9852469657676348,0.6356676424228779,0.47093023255813954,0.05416666666666667
twoblobs2d,10,ocsvm,NaN,0.8729725097585583,0.9932166090364223,0.7646892655367231,0.6036892118501956,0.5244444444444445
twoblobs2d,10,knn_dist,NaN,0.804435095803236,0.9933486485707699,0.7685920136768836,0.6701137538779731,0.06027777777777778
twoblobs2d,10,iforest,NaN,0.3648396628514736,0.8736508903872753,0.3631624674196351,0.09514753342554172,0.10694444444444444
twoblobs2d,10,gmm,NaN,0.21286144679203547,0.8837277662517289,0.2511279151045307,0.11493845116889567,0.0016666666666666668
twoblobs2d,10,convex_hull,NaN,0.18600192804750262,0.6718724066390042,0.4010521429676621,0.036,0.0
twoblobs2d,100,autosafe,9.992007221626409e-16,0.9680455828093447,0.9986404938911941,0.8918918918918919,0.8835560403599673,0.8147222222222222
twoblobs2d,100,kde,NaN,0.9588869166667362,0.9984293107422775,0.8879792604720972,0.8740560949298813,0.7405555555555555
twoblobs2d,100,ocsvm,NaN,0.9931149955224982,0.9997326302443522,0.9491617827449912,0.9824135839902971,0.9461111111111111
twoblobs2d,100,knn_dist,NaN,0.9514980751351269,0.9980740231673582,0.8733168452871667,0.8459932132602453,0.7469444444444444
twoblobs2d,100,iforest,NaN,0.8014859444501942,0.9774554979253112,0.7506586083991942,0.2903341395682164,0.5936111111111111
twoblobs2d,100,gmm,NaN,0.9862457578435838,0.999378019824804,0.9377697340943896,0.9671739779170397,0.9238888888888889
twoblobs2d,100,convex_hull,NaN,0.4314428640441684,0.9198593822037805,0.6266932270916334,0.036,0.0
twoblobs2d,1000,autosafe,9.992007221626409e-16,0.9869018510501261,0.999570444329184,0.9519089082384461,0.9622809622809623,0.9405555555555556
twoblobs2d,1000,kde,NaN,0.9962155228592062,0.9998638687183034,0.9722796855606123,0.987812309567337,0.9880555555555556
twoblobs2d,1000,ocsvm,NaN,0.9967613879828263,0.99987915802213,0.9682933553901295,0.9902409271119244,0.9863888888888889
twoblobs2d,1000,knn_dist,NaN,0.9840935178380483,0.9995207411249424,0.9539589841097379,0.9611506524317912,0.9458333333333333
twoblobs2d,1000,iforest,NaN,0.9723790474924436,0.9982216718533886,0.9331766779262741,0.9388760139049827,0.8947222222222222
twoblobs2d,1000,gmm,NaN,0.9973592470362961,0.9999002996772707,0.9717591954814714,0.9947804728277556,0.9875
twoblobs2d,1000,convex_hull,NaN,0.48167798517039784,0.9654408713692947,0.6563648355790068,0.49664908027948096,0.0
banana2d,10,autosafe,4.440892098500626e-16,0.48100824130914244,0.930473124477109,0.46695325094035467,0.15147425673741463,0.07073407875546912
banana2d,10,kde,NaN,0.5746747671929888,0.9495021844273812,0.5715977733033282,0.17772125167978498,0.032571706368497814
banana2d,10,ocsvm,NaN,0.5132882099971752,0.9462665624309113,0.5339516396157669,0.1775848839439862,0.06319883325230918
banana2d,10,knn_dist,NaN,0.29021143792247484,0.9115830669970663,0.3827863101270757,0.13548599429532657,0.004861448711716091
banana2d,10,iforest,NaN,0.14375905743123618,0.6269776360785588,0.20859824402058735,0.04917934802099148,0.006319883325230919
banana2d,10,gmm,NaN,0.237271287714905,0.8650202612077292,0.3140453734386949,0.09991096241534685,0.0024307243558580457
banana2d,10,convex_hull,NaN,0.13307075268971974,0.6212801458010758,0.3133802816901408,0.04114,0.0
banana2d,100,autosafe,1.1102230246251565e-15,0.8614644426196508,0.9901009215782911,0.7915152935661549,0.6473776223776224,0.3889158969372873
banana2d,100,kde,NaN,0.8658385959093716,0.993726804043584,0.800982800982801,0.711841599384852,0.27418570734078757
banana2d,100,ocsvm,NaN,0.3592885170596754,0.9628887613877809,0.5527185340943226,0.3983433734939759,0.0
banana2d,100,knn_dist,NaN,0.8615503959757306,0.9897174422742385,0.7961209882244287,0.6617830980882615,0.3928050559066602
banana2d,100,iforest,NaN,0.6821482164223017,0.9306369409403694,0.66188501625014,0.166143216080402,0.15605250364608653
banana2d,100,gmm,NaN,0.9590539996150536,0.998027193124764,0.8756135520172392,0.8475623712520027,0.7846378220709771
banana2d,100,convex_hull,NaN,0.3092172743998612,0.8947746610581186,0.5010664012512441,0.04114,0.0
banana2d,1000,autosafe,1.3322676295501878e-15,0.9726878596379445,0.9989489093205004,0.9195857092982661,0.9223494275759084,0.8298492950899368
banana2d,1000,kde,NaN,0.985815632888466,0.9994134279798372,0.9396163864551268,0.9539016224568633,0.9073894020418085
banana2d,1000,ocsvm,NaN,0.33721490363678996,0.9613196835153591,0.5511472982975574,0.3962324393358876,0.0
banana2d,1000,knn_dist,NaN,0.9697781516702378,0.9988973141629018,0.9229508196721311,0.9255372313843079,0.7999513855128828
banana2d,1000,iforest,NaN,0.8212966134659252,0.9781022183600764,0.7724722603166688,0.49439252336448597,0.24623237724842004
banana2d,1000,gmm,NaN,0.9825339992645736,0.99926681285996,0.9329847908745247,0.9473684210526315,0.8894020418084589
banana2d,1000,convex_hull,NaN,0.3321283725111986,0.9431824557380574,0.5055658037020546,0.3423795985181356,0.0
poly5d,10,autosafe,1.1102230246251565e-16,0.6224867835057472,0.9830628708751252,0.579616247196611,0.2567529544175577,0.12382831771090282
poly5d,10,kde,NaN,0.33915654068963563,0.9620825680701747,0.3987659082144234,0.1618912445666637,0.000493339911198816
poly5d,10,ocsvm,NaN,0.583186115637154,0.9757238020799012,0.5448588709677419,0.20295818505338079,0.1480019733596448
poly5d,10,knn_dist,NaN,0.5713037584653508,0.9807897397464163,0.5439029867505053,0.25082462891698737,0.05722742969906265
poly5d,10,iforest,NaN,0.1848931914710794,0.8756778715616358,0.252974878801234,0.05320079291044776,0.0
poly5d,10,gmm,NaN,0.27335158636696993,0.9521510086916157,0.359938008523828,0.13323112863191708,0.0
poly5d,10,convex_hull,NaN,0.026070078934385787,0.5029600394671929,0.039734580062140416,0.02027,0.0059200789343857915
poly5d,100,autosafe,6.661338147750939e-16,0.1676453560499545,0.9486389107203004,0.2871511545544695,0.1676453560499545,0.0
poly5d,100,kde,NaN,0.47313647535738784,0.9784771607610085,0.46942731277533045,0.26224328593996843,0.004440059200789344
poly5d,100,ocsvm,NaN,0.8503056680580245,0.9960818469206534,0.7564008778346745,0.6136516476126429,0.3670448939319191
poly5d,100,knn_dist,NaN,0.7282358112954286,0.9921647815024055,0.6763085399449037,0.46074223680888665,0.09768130241736557
poly5d,100,iforest,NaN,0.5868290288008305,0.9757886286955684,0.5279187817258884,0.20936101869909374,0.17118894918598915
poly5d,100,gmm,NaN,0.8230482530281954,0.9947591301734506,0.7324137931034482,0.5472263868065967,0.35964479526393683
poly5d,100,convex_hull,NaN,0.27015673408978785,0.6275283670448939,0.40644654088050314,0.02027,0.25505673408978785
poly5d,1000,autosafe,5.551115123125783e-15,0.07943101218699793,0.8801098261765997,0.14717200319465623,0.07943101218699793,0.0
poly5d,1000,kde,NaN,0.6923286703675945,0.9924619848976142,0.6835894010242708,0.4964654703643284,0.006906758756783424
poly5d,1000,ocsvm,NaN,0.8676019542822347,0.9968843847119544,0.7697026899480887,0.6562387630348795,0.388751850024667
poly5d,1000,knn_dist,NaN,0.8541996714763161,0.9967802260553538,0.7931907062341845,0.691549829480864,0.20522940305870746
poly5d,1000,iforest,NaN,0.6747363342432808,0.9829849268651893,0.593317033414833,0.2674776491279496,0.3231376418352245
poly5d,1000,gmm,NaN,0.882256315529464,0.9970306247750437,0.784,0.6734317343173432,0.4810064134188456
poly5d,1000,convex_hull,NaN,0.6321783275777011,0.8122841637888505,0.7689037351958701,0.02027,0.6245683275777011
