dataset,n,eps,repeat,log_threshold,zeta_hat,emp_false_excl,specificity_out,certifiable
linear2d,500,0.01,0,0.5204909946250456,0.4057712867728302,0.0018,0.9282,true
linear2d,500,0.05,0,2.409408548386211,0.9101315683143679,0.0426,0.9782,true
linear2d,500,0.1,0,3.1388517071980306,0.9566674722259915,0.0998,0.9862,true
linear2d,500,0.01,1,1.5317966233174514,0.7838530164492437,0.0106,0.9618,true
linear2d,500,0.05,1,2.548745894882754,0.9218203499536477,0.0448,0.9778,true
linear2d,500,0.1,1,3.5406294326428207,0.9710049291068219,0.1056,0.9874,true
linear2d,500,0.01,2,1.4791756123897255,0.7721745725520054,0.0154,0.9594,true
linear2d,500,0.05,2,3.0665742009017825,0.9534195428791437,0.068,0.9808,true
linear2d,500,0.1,2,3.969427117956052,0.981115751516234,0.108,0.9868,true
linear2d,500,0.01,3,2.671401921437053,0.9308447928480716,0.0118,0.963,true
linear2d,500,0.05,3,4.877387829634142,0.9923831153360657,0.0636,0.9834,true
linear2d,500,0.1,3,6.052234851516967,0.9976474015811326,0.1324,0.9904,true
linear2d,500,0.01,4,1.469884159341568,0.7700478785509305,0.0074,0.9532,true
linear2d,500,0.05,4,3.7910599259600803,0.9774283351259111,0.0568,0.9876,true
linear2d,500,0.1,4,5.011003367439563,0.9933357867040842,0.1164,0.9936,true
linear2d,500,0.01,5,1.126665065070569,0.6758876503347833,0.0062,0.9338,true
linear2d,500,0.05,5,3.6108915131186867,0.9729722594628647,0.0612,0.9786,true
linear2d,500,0.1,5,4.669441583857912,0.9906224953848592,0.1084,0.9856,true
linear2d,500,0.01,6,1.5002088372780702,0.7769164328815208,0.008,0.9514,true
linear2d,500,0.05,6,3.909311837431126,0.979945703069268,0.0416,0.9856,true
linear2d,500,0.1,6,4.7701279077134,0.9915207044767136,0.0894,0.989,true
linear2d,500,0.01,7,0.020389922768770316,0.020183453968981226,0.0014,0.8178,true
linear2d,500,0.05,7,0.6682012432928819,0.48737015465737504,0.0166,0.9298,true
linear2d,500,0.1,7,2.8617598758422496,0.9428319370088996,0.0604,0.975,true
linear2d,500,0.01,8,1.737519151354062,0.8240436192580539,0.0066,0.9564,true
linear2d,500,0.05,8,4.070225612065412,0.9829264639228145,0.0542,0.9852,true
linear2d,500,0.1,8,5.569367988317845,0.9961871105380727,0.102,0.991,true
linear2d,500,0.01,9,2.988910793376633,0.9496577600266434,0.0018,0.9592,true
linear2d,500,0.05,9,5.416112140372327,0.9955556077248845,0.0502,0.9848,true
linear2d,500,0.1,9,6.556234769130558,0.9985787731039806,0.117,0.991,true
linear2d,500,0.01,10,2.7023192535961984,0.9329501732798904,0.0114,0.956,true
linear2d,500,0.05,10,4.669194072927118,0.990620174062699,0.0588,0.9798,true
linear2d,500,0.1,10,5.547863129829421,0.9961042268832945,0.1036,0.9858,true
linear2d,500,0.01,11,1.3896111282467078,0.7508278181827382,0.002,0.945,true
linear2d,500,0.05,11,3.7185361045504433,0.9757305301798055,0.05,0.9838,true
linear2d,500,0.1,11,4.900878799841248,0.9925599581104807,0.1074,0.9918,true
linear2d,500,0.01,12,0.5505440621550513,0.4233640008025703,0.0008,0.9356,true
linear2d,500,0.05,12,2.572846175684975,0.9236819784820427,0.052,0.9858,true
linear2d,500,0.1,12,3.7624619560560872,0.976773512664575,0.1094,0.9934,true
linear2d,500,0.01,13,1.8153790911119216,0.8372238103143124,0.0092,0.9592,true
linear2d,500,0.05,13,3.305700510699757,0.9633264873518484,0.039,0.9788,true
linear2d,500,0.1,13,4.545698315966734,0.9893872409310895,0.0916,0.9868,true
linear2d,500,0.01,14,1.5324324380511225,0.7839904022054515,0.0122,0.9426,true
linear2d,500,0.05,14,3.461478486298555,0.9686166721195665,0.0492,0.9738,true
linear2d,500,0.1,14,6.194590462907396,0.9979595613360775,0.1234,0.991,true
linear2d,500,0.01,15,1.61590430822752,0.8012891067295984,0.0048,0.9344,true
linear2d,500,0.05,15,4.665452011359236,0.9905850084215839,0.0642,0.9816,true
linear2d,500,0.1,15,6.669513692484556,0.9987309842671382,0.1272,0.9922,true
linear2d,500,0.01,16,1.9514970906321358,0.8579387662347477,0.0152,0.9672,true
linear2d,500,0.05,16,3.5105507391793696,0.9701195464319576,0.05,0.988,true
linear2d,500,0.1,16,4.706071280410397,0.990959775586739,0.0912,0.9942,true
linear2d,500,0.01,17,0.1055149167632151,0.10013895026753643,0.0006,0.8616,true
linear2d,500,0.05,17,2.520473987792045,0.9195785210850417,0.0316,0.972,true
linear2d,500,0.1,17,3.3317666053490123,0.964270071402839,0.0644,0.9842,true
linear2d,500,0.01,18,1.6958681187650928,0.8165600877453121,0.0104,0.9526,true
linear2d,500,0.05,18,2.6077801609889426,0.9263020400763585,0.0324,0.9682,true
linear2d,500,0.1,18,4.090864643621952,0.9832752336575578,0.0828,0.9824,true
linear2d,500,0.01,19,1.3342502843725483,0.7366444567717332,0.0026,0.9496,true
linear2d,500,0.05,19,2.9914698756972595,0.9497864252602597,0.0446,0.9752,true
linear2d,500,0.1,19,4.381975950307163,0.9874993664293601,0.1116,0.9872,true
linear2d,1000,0.01,0,1.9138435952448032,0.852487682061959,0.0096,0.9742,true
linear2d,1000,0.05,0,3.804264756676627,0.977724430889899,0.0536,0.9898,true
linear2d,1000,0.1,0,4.734552656812838,0.9912136215207026,0.0908,0.9934,true
linear2d,1000,0.01,1,1.8192382342207667,0.8378507763710371,0.0072,0.9732,true
linear2d,1000,0.05,1,3.3186857799053744,0.9637996242331793,0.0492,0.9892,true
linear2d,1000,0.1,1,4.385356427718163,0.9875415531928937,0.1028,0.9932,true
linear2d,1000,0.01,2,1.329964814951873,0.735513432891297,0.0196,0.968,true
linear2d,1000,0.05,2,2.344036800813505,0.9040604334468539,0.0556,0.9784,true
linear2d,1000,0.1,2,3.1171254211256922,0.9557157157020415,0.1048,0.9868,true
linear2d,1000,0.01,3,1.9006799443924645,0.8505330445545196,0.0024,0.9642,true
linear2d,1000,0.05,3,3.722032916852775,0.9758152477533919,0.032,0.9838,true
linear2d,1000,0.1,3,4.868908687546033,0.9923182561019928,0.0704,0.9926,true
linear2d,1000,0.01,4,1.4356698635909906,0.7620440873868153,0.005,0.9668,true
linear2d,1000,0.05,4,3.3792595498951394,0.9659273254881311,0.044,0.9902,true
linear2d,1000,0.1,4,4.38550365590669,0.9875433872924301,0.0994,0.9942,true
linear2d,1000,0.01,5,1.6084271566497956,0.7997977466459842,0.0044,0.9616,true
linear2d,1000,0.05,5,3.809566888680813,0.9778422263383194,0.045,0.9854,true
linear2d,1000,0.1,5,5.0060155896374345,0.9933024640550367,0.098,0.9904,true
linear2d,1000,0.01,6,2.0712154398285647,0.8739674963508475,0.0084,0.9784,true
linear2d,1000,0.05,6,3.659521530633829,0.9742551721086062,0.0438,0.9914,true
linear2d,1000,0.1,6,5.008381572603289,0.9933182915797854,0.1094,0.9958,true
linear2d,1000,0.01,7,2.4286604345896325,0.9118451572983717,0.0174,0.9794,true
linear2d,1000,0.05,7,3.85578725410251,0.9788430591363041,0.0652,0.9904,true
linear2d,1000,0.1,7,4.753569502385107,0.9913791319919373,0.1348,0.9932,true
linear2d,1000,0.01,8,2.9668977921768676,0.9485372890182804,0.0176,0.9786,true
linear2d,1000,0.05,8,4.55878604838006,0.9895252329111948,0.0612,0.9886,true
linear2d,1000,0.1,8,5.668423756073224,0.9965466957617557,0.1134,0.9916,true
linear2d,1000,0.01,9,2.1041502331843347,0.8780507413152271,0.0086,0.9772,true
linear2d,1000,0.05,9,3.780321702166579,0.9771846495033261,0.0566,0.9904,true
linear2d,1000,0.1,9,5.240635259123335,0.9947031091313967,0.1174,0.996,true
linear2d,1000,0.01,10,2.275920207924522,0.8972976425845013,0.013,0.9702,true
linear2d,1000,0.05,10,3.6993468931829856,0.9752603211519424,0.0452,0.9814,true
linear2d,1000,0.1,10,5.576736061365902,0.996215100941853,0.097,0.989,true
linear2d,1000,0.01,11,1.1442980335211481,0.6815526212646528,0.0038,0.9542,true
linear2d,1000,0.05,11,3.5074697653715337,0.9700273435727866,0.0378,0.9854,true
linear2d,1000,0.1,11,4.77191421725696,0.9915358376029815,0.081,0.992,true
linear2d,1000,0.01,12,1.0941061409761976,0.6651612281191839,0.0072,0.9756,true
linear2d,1000,0.05,12,3.0475755975469756,0.9525261192224268,0.0648,0.9942,true
linear2d,1000,0.1,12,4.166609054821518,0.9844952531696478,0.1198,0.9984,true
linear2d,1000,0.01,13,0.9882862028095767,0.6277859558978924,0.0028,0.9564,true
linear2d,1000,0.05,13,2.4168674466142464,0.9107993940817942,0.0274,0.977,true
linear2d,1000,0.1,13,3.4936012621266883,0.9696087719175129,0.0764,0.9852,true
linear2d,1000,0.01,14,1.0176970622122727,0.638573675166998,0.0124,0.9574,true
linear2d,1000,0.05,14,2.6630646210000073,0.930265814906491,0.0614,0.9828,true
linear2d,1000,0.1,14,3.592805071986655,0.9724789764040014,0.1096,0.9892,true
linear2d,1000,0.01,15,2.86588205179039,0.9430671087804433,0.0078,0.9776,true
linear2d,1000,0.05,15,4.427154889873342,0.988051564024402,0.037,0.989,true
linear2d,1000,0.1,15,5.129001405407977,0.9940775283300727,0.0762,0.9914,true
linear2d,1000,0.01,16,3.4397214435354604,0.9679263816026333,0.0098,0.9734,true
linear2d,1000,0.05,16,5.9431942320027815,0.9973763642491611,0.0586,0.9896,true
linear2d,1000,0.1,16,7.39975582941448,0.9993885979707031,0.1118,0.9942,true
linear2d,1000,0.01,17,1.6710885856196358,0.8119577459121662,0.0102,0.9678,true
linear2d,1000,0.05,17,3.513954753556063,0.9702210870046521,0.0436,0.9852,true
linear2d,1000,0.1,17,4.531753859130975,0.9892382151433168,0.0884,0.989,true
linear2d,1000,0.01,18,1.7608085217534315,0.8280941819735663,0.0062,0.9728,true
linear2d,1000,0.05,18,3.8145676185395807,0.9779527547868819,0.0514,0.9892,true
linear2d,1000,0.1,18,5.346136378010708,0.9952334684551036,0.1356,0.9946,true
linear2d,1000,0.01,19,3.142969161809397,0.9568455251283742,0.0096,0.9872,true
linear2d,1000,0.05,19,4.976988701105653,0.9931052063874888,0.0456,0.9952,true
linear2d,1000,0.1,19,6.049099044905805,0.9976400127084741,0.0818,0.9968,true
linear2d,5000,0.01,0,2.320093176909795,0.9017355707980703,0.0088,0.9888,true
linear2d,5000,0.05,0,4.12104094808882,0.9837723864563073,0.0442,0.9956,true
linear2d,5000,0.1,0,5.3809038064505526,0.9953963407677706,0.0992,0.9974,true
linear2d,5000,0.01,1,1.938137854785861,0.8560282032924249,0.0072,0.9858,true
linear2d,5000,0.05,1,4.361650387111875,0.9872426842435782,0.0464,0.9958,true
linear2d,5000,0.1,1,5.863101563615112,0.9971575859311018,0.1,0.9972,true
linear2d,5000,0.01,2,1.9086813656589554,0.8517242207241007,0.0102,0.9882,true
linear2d,5000,0.05,2,4.040931859264754,0.9824189183139707,0.0562,0.9952,true
linear2d,5000,0.1,2,5.131890596828875,0.9940946147895002,0.0962,0.9974,true
linear2d,5000,0.01,3,1.9191570962315,0.8532694102129927,0.0112,0.9864,true
linear2d,5000,0.05,3,4.847591117019743,0.9921527420741537,0.062,0.996,true
linear2d,5000,0.1,3,5.9780417987321695,0.9974662169052947,0.1122,0.9978,true
linear2d,5000,0.01,4,1.6669383568653724,0.8111757058421555,0.0108,0.988,true
linear2d,5000,0.05,4,3.586502073265073,0.9723049636023209,0.0516,0.9948,true
linear2d,5000,0.1,4,4.765382572229468,0.9914803717543239,0.0928,0.9978,true
linear2d,5000,0.01,5,2.2525883078264073,0.8948732283278885,0.0088,0.9904,true
linear2d,5000,0.05,5,4.261943642185325,0.9859051196346,0.0434,0.996,true
linear2d,5000,0.1,5,5.4287789121911185,0.9956115487834315,0.0942,0.998,true
linear2d,5000,0.01,6,2.402929248086876,0.9095473932790081,0.0126,0.99,true
linear2d,5000,0.05,6,4.5257147888214835,0.9891730273291336,0.0576,0.9966,true
linear2d,5000,0.1,6,5.681776781250384,0.9965925013182143,0.1068,0.9984,true
linear2d,5000,0.01,7,2.2007792664484884,0.8892831531871493,0.0124,0.9892,true
linear2d,5000,0.05,7,3.8435859001216652,0.9785833345379511,0.0544,0.996,true
linear2d,5000,0.1,7,4.922788996690284,0.9927211980432042,0.1014,0.9972,true
linear2d,5000,0.01,8,2.4834447087405485,0.9165447491496487,0.013,0.9906,true
linear2d,5000,0.05,8,4.233042239252834,0.9854918140307862,0.0454,0.9964,true
linear2d,5000,0.1,8,5.446667948597337,0.9956893559246603,0.0906,0.9988,true
linear2d,5000,0.01,9,2.3720939226701265,0.9067148103431886,0.0116,0.9914,true
linear2d,5000,0.05,9,4.068618622101451,0.9828990048643828,0.0446,0.9958,true
linear2d,5000,0.1,9,5.2216300359197625,0.9946014778344838,0.0892,0.9974,true
linear2d,5000,0.01,10,2.1053426106545063,0.8781960642066982,0.0142,0.9892,true
linear2d,5000,0.05,10,3.601100983573365,0.9727063439679333,0.0486,0.994,true
linear2d,5000,0.1,10,4.708198851513691,0.990978988860917,0.0944,0.9952,true
linear2d,5000,0.01,11,2.2882956642280115,0.898560798931679,0.012,0.988,true
linear2d,5000,0.05,11,4.191493358827454,0.9848763170845545,0.0494,0.994,true
linear2d,5000,0.1,11,5.205184352983568,0.9945119613886286,0.0968,0.9964,true
linear2d,5000,0.01,12,2.5412549359672756,0.9212325104150637,0.0132,0.9914,true
linear2d,5000,0.05,12,4.31827138782936,0.9866771062348509,0.0532,0.996,true
linear2d,5000,0.1,12,5.429587786888029,0.9956150970553321,0.1006,0.997,true
linear2d,5000,0.01,13,2.4893208859344966,0.9170337089771581,0.0086,0.9886,true
linear2d,5000,0.05,13,4.210872484861985,0.9851665792444374,0.05,0.9944,true
linear2d,5000,0.1,13,5.205064595088719,0.9945113041133216,0.1004,0.9964,true
linear2d,5000,0.01,14,2.3850102510426754,0.90791196442394,0.01,0.9916,true
linear2d,5000,0.05,14,4.0187821200490585,0.9820251571848284,0.053,0.9948,true
linear2d,5000,0.1,14,4.946004237345642,0.9928882308274162,0.1024,0.996,true
linear2d,5000,0.01,15,2.477040675993972,0.9160085840131997,0.0094,0.9892,true
linear2d,5000,0.05,15,4.188241467958005,0.9848270564665023,0.0528,0.995,true
linear2d,5000,0.1,15,5.313534820151437,0.995075511266243,0.11,0.9974,true
linear2d,5000,0.01,16,2.3597618762597286,0.9055572904298295,0.0096,0.987,true
linear2d,5000,0.05,16,4.322468346807414,0.9867329046996134,0.0534,0.9938,true
linear2d,5000,0.1,16,5.536056394548319,0.996057957916153,0.1118,0.996,true
linear2d,5000,0.01,17,1.9922125956083114,0.8636066918974867,0.0072,0.9874,true
linear2d,5000,0.05,17,3.7113850635700927,0.9755563561860995,0.0506,0.9948,true
linear2d,5000,0.1,17,4.991158386486327,0.9932022145331884,0.1072,0.9972,true
linear2d,5000,0.01,18,2.2771098296739996,0.897419746899231,0.0094,0.9906,true
linear2d,5000,0.05,18,4.110819391667143,0.9836056643608226,0.055,0.995,true
linear2d,5000,0.1,18,5.278015352543568,0.9948974524917448,0.108,0.9968,true
linear2d,5000,0.01,19,2.801792290714924,0.9392988290734595,0.0074,0.9912,true
linear2d,5000,0.05,19,4.35246293119045,0.987124936896356,0.0458,0.9948,true
linear2d,5000,0.1,19,5.52634769297896,0.9960194994170292,0.0918,0.9964,true
annulus2d,500,0.01,0,1.9679080492777095,0.8602511015513852,0.0028,0.9668,true
annulus2d,500,0.05,0,4.093846773493219,0.9833250347892292,0.0444,0.9882,true
annulus2d,500,0.1,0,5.4014114938455595,0.9954897896864813,0.088,0.9946,true
annulus2d,500,0.01,1,0.7770950586779758,0.5402604100842696,0.0026,0.9522,true
annulus2d,500,0.05,1,2.3214497530681815,0.9018687836028563,0.0262,0.9754,true
annulus2d,500,0.1,1,3.6833313139730848,0.9748609110106609,0.0824,0.985,true
annulus2d,500,0.01,2,1.7008666495849165,0.8174747299622633,0.029,0.969,true
annulus2d,500,0.05,2,2.1853620102597273,0.8875629770699897,0.0464,0.9746,true
annulus2d,500,0.1,2,3.6103808652696117,0.9729584542808007,0.101,0.9846,true
annulus2d,500,0.01,3,2.9376415023874527,0.9470094404178756,0.018,0.9818,true
annulus2d,500,0.05,3,4.100980200740089,0.9834435611880741,0.0552,0.991,true
annulus2d,500,0.1,3,5.078335029095875,0.9937697263905406,0.094,0.9936,true
annulus2d,500,0.01,4,1.4802833189359477,0.7724267965485092,0.0034,0.9692,true
annulus2d,500,0.05,4,3.315729712399409,0.9636924551571997,0.0538,0.9898,true
annulus2d,500,0.1,4,4.940973488622093,0.9928523631587611,0.1186,0.9958,true
annulus2d,500,0.01,5,3.7507456075874503,0.9764997826182471,0.0136,0.9798,true
annulus2d,500,0.05,5,6.104561234486777,0.9977673392302638,0.0654,0.992,true
annulus2d,500,0.1,5,7.312390218140268,0.9993327796575763,0.1064,0.9946,true
annulus2d,500,0.01,6,2.2661057778619913,0.8962847149573883,0.0118,0.9754,true
annulus2d,500,0.05,6,3.281121318419588,0.9624139128030798,0.0476,0.9838,true
annulus2d,500,0.1,6,4.262657568751313,0.9859151787529742,0.1018,0.9894,true
annulus2d,500,0.01,7,2.0617614473953703,0.872770335959003,0.013,0.981,true
annulus2d,500,0.05,7,3.979127087266538,0.9812980426086743,0.0666,0.993,true
annulus2d,500,0.1,7,5.083008367612437,0.9937987746391509,0.122,0.9968,true
annulus2d,500,0.01,8,1.4617982682101855,0.7681809731061399,0.007,0.9736,true
annulus2d,500,0.05,8,3.189221132142224,0.9587960491226186,0.0474,0.9882,true
annulus2d,500,0.1,8,4.469616511536132,0.9885482933940751,0.0952,0.9934,true
annulus2d,500,0.01,9,1.2877068849050393,0.7240972650300651,0.0044,0.9632,true
annulus2d,500,0.05,9,2.835142196881232,0.9412898231637571,0.0216,0.9822,true
annulus2d,500,0.1,9,4.065835268161294,0.9828513404394805,0.0562,0.9898,true
annulus2d,500,0.01,10,0.3936514728279521,0.32541087208532193,0.0008,0.9482,true
annulus2d,500,0.05,10,2.77835141698697,0.937859132641946,0.0654,0.9884,true
annulus2d,500,0.1,10,3.404600940538866,0.9667799257778623,0.0946,0.9914,true
annulus2d,500,0.01,11,1.656562145374246,0.8092062248259768,0.0136,0.9734,true
annulus2d,500,0.05,11,3.0084181195563753,0.9506302859919298,0.0602,0.985,true
annulus2d,500,0.1,11,3.9304966421138707,0.9803660808998075,0.1026,0.9892,true
annulus2d,500,0.01,12,2.2518137881995446,0.8947917740400193,0.0122,0.9794,true
annulus2d,500,0.05,12,3.6260959368072885,0.9733800923923258,0.0626,0.9884,true
annulus2d,500,0.1,12,4.359356318376572,0.9872133844893798,0.1304,0.9908,true
annulus2d,500,0.01,13,2.0165082669423704,0.866880527824164,0.0134,0.9704,true
annulus2d,500,0.05,13,3.5025576613761276,0.9698797525729933,0.0524,0.9842,true
annulus2d,500,0.1,13,4.796412752470543,0.9917406777962252,0.1148,0.989,true
annulus2d,500,0.01,14,1.0562256573618636,0.6522340758788987,0.004,0.9636,true
annulus2d,500,0.05,14,3.526603024376251,0.9705953667752765,0.0762,0.9892,true
annulus2d,500,0.1,14,4.5798485888432054,0.9897435508803305,0.1302,0.994,true
annulus2d,500,0.01,15,1.7460137514081373,0.8255319679263737,0.0072,0.9732,true
annulus2d,500,0.05,15,3.2804740857058867,0.9623895779835698,0.0436,0.9872,true
annulus2d,500,0.1,15,3.9180153616889495,0.9801194887580591,0.0766,0.9904,true
annulus2d,500,0.01,16,1.5120077938236565,0.7795331187576746,0.0046,0.9704,true
annulus2d,500,0.05,16,3.7629686023093782,0.9767852772968556,0.056,0.9892,true
annulus2d,500,0.1,16,4.518289398842946,0.9890923336143782,0.0984,0.9932,true
annulus2d,500,0.01,17,1.000102854139778,0.6321583948061946,0.0068,0.973,true
annulus2d,500,0.05,17,1.636979942700971,0.805433241353957,0.042,0.9804,true
annulus2d,500,0.1,17,2.6947435477801465,0.9324402946107905,0.1034,0.9892,true
annulus2d,500,0.01,18,2.9064157518655196,0.9453286652588619,0.0158,0.9796,true
annulus2d,500,0.05,18,3.930431631562621,0.9803648044464125,0.0446,0.987,true
annulus2d,500,0.1,18,4.730221247571378,0.9911754815795405,0.0776,0.9916,true
annulus2d,500,0.01,19,2.3138260743772343,0.9011178037622607,0.009,0.9766,true
annulus2d,500,0.05,19,3.7956999918242182,0.9775328265266227,0.054,0.9864,true
annulus2d,500,0.1,19,4.638697540912109,0.990329715421204,0.096,0.9912,true
annulus2d,1000,0.01,0,2.139719594965853,0.8823121613420907,0.0142,0.9832,true
annulus2d,1000,0.05,0,3.3084496404995924,0.9634271691412699,0.0568,0.991,true
annulus2d,1000,0.1,0,4.0266728807242185,0.9821664342428895,0.0968,0.993,true
annulus2d,1000,0.01,1,1.6214940338543373,0.8023967475139796,0.0074,0.985,true
annulus2d,1000,0.05,1,2.596785576958374,0.9254872909565484,0.044,0.9906,true
annulus2d,1000,0.1,1,3.644985394116203,0.9738782086170186,0.105,0.9942,true
annulus2d,1000,0.01,2,2.0452513250237794,0.8706523224161914,0.0094,0.9824,true
annulus2d,1000,0.05,2,3.795316964562895,0.9775242193384088,0.0592,0.9914,true
annulus2d,1000,0.1,2,5.022935700407661,0.9934148337702496,0.1136,0.9944,true
annulus2d,1000,0.01,3,2.6318735221870093,0.928056451937629,0.0142,0.9858,true
annulus2d,1000,0.05,3,3.6200066514174356,0.9732175016495308,0.0458,0.992,true
annulus2d,1000,0.1,3,4.714699502987717,0.991037441115566,0.098,0.9958,true
annulus2d,1000,0.01,4,1.8035455751140752,0.8352861536350674,0.0096,0.9746,true
annulus2d,1000,0.05,4,5.317256233073777,0.995093803265102,0.061,0.9926,true
annulus2d,1000,0.1,4,6.803241846374746,0.9988898296937521,0.1142,0.996,true
annulus2d,1000,0.01,5,2.0597219194666914,0.8725105827088716,0.0132,0.9834,true
annulus2d,1000,0.05,5,3.720958287951055,0.9757892441500374,0.049,0.9914,true
annulus2d,1000,0.1,5,4.618825531598348,0.9901356253431545,0.0854,0.9952,true
annulus2d,1000,0.01,6,2.152386291914487,0.8837934760409543,0.0088,0.982,true
annulus2d,1000,0.05,6,3.456121806034937,0.968448110604491,0.047,0.9894,true
annulus2d,1000,0.1,6,4.532024585741591,0.9892411282505096,0.0992,0.9926,true
annulus2d,1000,0.01,7,1.7001986687787538,0.8173527658549322,0.0076,0.9794,true
annulus2d,1000,0.05,7,3.6186082319940858,0.973180022283803,0.0352,0.9908,true
annulus2d,1000,0.1,7,5.036038380545424,0.9935005542863871,0.0902,0.9944,true
annulus2d,1000,0.01,8,2.4597905477287956,0.9145471526140011,0.0142,0.9856,true
annulus2d,1000,0.05,8,4.0920010026539595,0.9832942282024939,0.056,0.9944,true
annulus2d,1000,0.1,8,5.686900198432371,0.9966099147093834,0.1176,0.9982,true
annulus2d,1000,0.01,9,2.4567940066808975,0.9142907056140601,0.012,0.9842,true
annulus2d,1000,0.05,9,3.8746244070271194,0.9792378654787467,0.0492,0.9896,true
annulus2d,1000,0.1,9,4.821081277438642,0.9919419305818493,0.0918,0.9926,true
annulus2d,1000,0.01,10,1.9144645874494517,0.85257925762469,0.0062,0.9792,true
annulus2d,1000,0.05,10,3.9414745688463855,0.9805804418529399,0.0466,0.9922,true
annulus2d,1000,0.1,10,5.045800435812293,0.9935636935487449,0.0946,0.9952,true
annulus2d,1000,0.01,11,1.5163875417201096,0.7804965966816934,0.0064,0.977,true
annulus2d,1000,0.05,11,3.0573294495282735,0.9529869214767215,0.0454,0.989,true
annulus2d,1000,0.1,11,4.4658901740316495,0.9885055408645524,0.1152,0.9952,true
annulus2d,1000,0.01,12,0.7822877574003693,0.5426415117433304,0.0058,0.973,true
annulus2d,1000,0.05,12,2.544770292481933,0.9215089200987785,0.0538,0.9884,true
annulus2d,1000,0.1,12,3.3174681401290935,0.9637555183686514,0.0934,0.9916,true
annulus2d,1000,0.01,13,1.5703150811089681,0.7920203584238789,0.006,0.9804,true
annulus2d,1000,0.05,13,3.1315857205869904,0.9563514720229974,0.0574,0.9898,true
annulus2d,1000,0.1,13,4.1687150327773,0.9845278714659205,0.1102,0.9928,true
annulus2d,1000,0.01,14,1.56455967828604,0.7908199005620851,0.0096,0.9822,true
annulus2d,1000,0.05,14,3.4699218532033242,0.9688805375476538,0.0504,0.9916,true
annulus2d,1000,0.1,14,4.438061662139266,0.9881811747921114,0.0914,0.9948,true
annulus2d,1000,0.01,15,1.0610463888184491,0.6539065275497444,0.0096,0.9714,true
annulus2d,1000,0.05,15,2.7455354012828233,0.9357860884713516,0.0478,0.9858,true
annulus2d,1000,0.1,15,4.036083631658054,0.9823334742696632,0.092,0.991,true
annulus2d,1000,0.01,16,2.8345563417307975,0.9412554174268696,0.0144,0.9816,true
annulus2d,1000,0.05,16,4.953809982295406,0.9929435273875302,0.0732,0.9922,true
annulus2d,1000,0.1,16,6.1954600403066,0.9979613348841937,0.1206,0.9954,true
annulus2d,1000,0.01,17,3.8306587998949277,0.9783046819525073,0.0218,0.989,true
annulus2d,1000,0.05,17,5.305802257402105,0.9950372847440817,0.0736,0.9952,true
annulus2d,1000,0.1,17,6.489038877243719,0.9984799907783141,0.1468,0.997,true
annulus2d,1000,0.01,18,1.226683061635243,0.7067362961620607,0.0092,0.977,true
annulus2d,1000,0.05,18,2.893950739972383,0.9446429213974241,0.049,0.9874,true
annulus2d,1000,0.1,18,3.865463924908772,0.9790468005292899,0.0948,0.992,true
annulus2d,1000,0.01,19,0.7934070161108563,0.5476988301754285,0.0028,0.9674,true
annulus2d,1000,0.05,19,3.694752880094018,0.9751464052783394,0.041,0.99,true
annulus2d,1000,0.1,19,4.66922487485315,0.9906204629749541,0.0872,0.9936,true
annulus2d,5000,0.01,0,1.8421243280777317,0.8415195961109692,0.0082,0.9914,true
annulus2d,5000,0.05,0,4.10630770844068,0.9835315312048021,0.054,0.9972,true
annulus2d,5000,0.1,0,5.2995083582028055,0.9950059514135284,0.0976,0.998,true
annulus2d,5000,0.01,1,3.0725249485462847,0.9536959083186014,0.013,0.9958,true
annulus2d,5000,0.05,1,4.802947504626885,0.9917944744544523,0.0548,0.998,true
annulus2d,5000,0.1,1,6.045789137070161,0.9976321884263628,0.1096,0.9986,true
annulus2d,5000,0.01,2,2.2332541924257225,0.8928209193336101,0.01,0.9938,true
annulus2d,5000,0.05,2,3.7543639968434137,0.9765846618965911,0.0492,0.9964,true
annulus2d,5000,0.1,2,4.902907898426306,0.9925750393830826,0.1094,0.9976,true
annulus2d,5000,0.01,3,2.4876491913557786,0.9168948986863598,0.01,0.993,true
annulus2d,5000,0.05,3,4.004523316287897,0.9817670214486108,0.0488,0.9968,true
annulus2d,5000,0.1,3,5.273928553000652,0.9948765567336162,0.1034,0.9984,true
annulus2d,5000,0.01,4,1.6049627593547586,0.7991029636938156,0.0068,0.9904,true
annulus2d,5000,0.05,4,3.7839726864386627,0.9772677961133089,0.0406,0.9968,true
annulus2d,5000,0.1,4,4.938959381739801,0.9928379525468223,0.0858,0.9978,true
annulus2d,5000,0.01,5,2.944964633828373,0.947396079817354,0.012,0.993,true
annulus2d,5000,0.05,5,4.348978169710114,0.9870799921069426,0.0464,0.995,true
annulus2d,5000,0.1,5,5.454098781189425,0.9957212688823797,0.0914,0.996,true
annulus2d,5000,0.01,6,2.556214042984691,0.9224020324098623,0.0112,0.9922,true
annulus2d,5000,0.05,6,4.212198098494396,0.9851862296019378,0.0498,0.996,true
annulus2d,5000,0.1,6,5.550568496274122,0.9961147521334118,0.107,0.9982,true
annulus2d,5000,0.01,7,1.7542485563528007,0.8269627788297237,0.0084,0.9914,true
annulus2d,5000,0.05,7,3.93105769818091,0.9803770935395953,0.048,0.997,true
annulus2d,5000,0.1,7,5.284397474765146,0.994929913877136,0.1062,0.9984,true
annulus2d,5000,0.01,8,2.651875318632935,0.9294811563196863,0.0094,0.994,true
annulus2d,5000,0.05,8,4.921741215799724,0.9927135674567145,0.0492,0.9984,true
annulus2d,5000,0.1,8,6.172344527422613,0.9979136612165621,0.1078,0.9988,true
annulus2d,5000,0.01,9,2.3639889731273698,0.9059556663316686,0.0146,0.9924,true
annulus2d,5000,0.05,9,3.878941668388563,0.9793273078279728,0.0534,0.9952,true
annulus2d,5000,0.1,9,4.944965648718689,0.9928808407878948,0.0938,0.9976,true
annulus2d,5000,0.01,10,2.5925716766220885,0.9251726393371746,0.0128,0.9946,true
annulus2d,5000,0.05,10,4.62990019904016,0.9902442673147542,0.0586,0.998,true
annulus2d,5000,0.1,10,5.6691012777260426,0.996549034657735,0.1024,0.9988,true
annulus2d,5000,0.01,11,2.133624711622814,0.8815926773362925,0.0092,0.9938,true
annulus2d,5000,0.05,11,3.8734132540733857,0.9792127041241467,0.0456,0.998,true
annulus2d,5000,0.1,11,4.937158558464182,0.9928250433449606,0.0946,0.9992,true
annulus2d,5000,0.01,12,2.3758439089366705,0.9070639734357003,0.0104,0.9934,true
annulus2d,5000,0.05,12,4.167825751166631,0.9845141062668752,0.0546,0.997,true
annulus2d,5000,0.1,12,5.219610576083538,0.9945905647202063,0.1074,0.9982,true
annulus2d,5000,0.01,13,2.5116379660094887,0.9188647664135283,0.007,0.9954,true
annulus2d,5000,0.05,13,3.8685901825212965,0.9791122033423532,0.0432,0.9974,true
annulus2d,5000,0.1,13,5.035575308302982,0.993497543876521,0.1072,0.998,true
annulus2d,5000,0.01,14,2.139962371097559,0.8823407296723143,0.0122,0.9932,true
annulus2d,5000,0.05,14,3.8166725892462066,0.9779991147818836,0.0552,0.9968,true
annulus2d,5000,0.1,14,4.936042390294298,0.9928170304156655,0.1118,0.9978,true
annulus2d,5000,0.01,15,2.9689147301011007,0.9486409815059358,0.017,0.9928,true
annulus2d,5000,0.05,15,4.445544187532013,0.988269279418223,0.0456,0.9952,true
annulus2d,5000,0.1,15,5.7129615072194575,0.9966971234461488,0.0964,0.998,true
annulus2d,5000,0.01,16,2.091855082817145,0.876542101370178,0.0094,0.9972,true
annulus2d,5000,0.05,16,3.65551365984627,0.974151783118508,0.0514,0.9988,true
annulus2d,5000,0.1,16,4.772564333551633,0.9915413385045699,0.1128,0.9994,true
annulus2d,5000,0.01,17,1.9005074329051557,0.8505072575635201,0.0078,0.9928,true
annulus2d,5000,0.05,17,4.035598595564994,0.9823249032885956,0.0572,0.9966,true
annulus2d,5000,0.1,17,5.333822273315319,0.9951744100069552,0.117,0.9984,true
annulus2d,5000,0.01,18,2.0558339874697635,0.8720139477081557,0.0094,0.992,true
annulus2d,5000,0.05,18,3.7185895770227524,0.9757318278936621,0.047,0.9956,true
annulus2d,5000,0.1,18,4.896848274893754,0.9925299103225326,0.0964,0.997,true
annulus2d,5000,0.01,19,2.0093990226195677,0.8659307769670368,0.0076,0.9914,true
annulus2d,5000,0.05,19,4.124357780633314,0.9838261215685805,0.0464,0.9966,true
annulus2d,5000,0.1,19,5.2236212117597995,0.9946122165465117,0.091,0.9974,true
poly5d,500,0.01,0,89.07986595872714,1.0,0.0052,0.9646,true
poly5d,500,0.05,0,100.47835660770109,1.0,0.0486,0.9804,true
poly5d,500,0.1,0,105.4828876321686,1.0,0.0944,0.9856,true
poly5d,500,0.01,1,87.77122488251499,1.0,0.0112,0.9722,true
poly5d,500,0.05,1,97.52158826867138,1.0,0.0558,0.982,true
poly5d,500,0.1,1,104.4781718420181,1.0,0.1074,0.9878,true
poly5d,500,0.01,2,88.75865360295785,1.0,0.03,0.981,true
poly5d,500,0.05,2,93.96843897603242,1.0,0.0682,0.9856,true
poly5d,500,0.1,2,100.04098625121036,1.0,0.1342,0.9898,true
poly5d,500,0.01,3,87.10182911221847,1.0,0.0178,0.9698,true
poly5d,500,0.05,3,96.44704340780316,1.0,0.0592,0.9826,true
poly5d,500,0.1,3,102.25060142316977,1.0,0.1046,0.9888,true
poly5d,500,0.01,4,85.80069694694544,1.0,0.0084,0.9686,true
poly5d,500,0.05,4,95.5383972292085,1.0,0.0524,0.981,true
poly5d,500,0.1,4,101.1835692515375,1.0,0.0978,0.9872,true
poly5d,500,0.01,5,82.01112109682123,1.0,0.0106,0.974,true
poly5d,500,0.05,5,87.37605548548427,1.0,0.0366,0.9804,true
poly5d,500,0.1,5,93.02277832792421,1.0,0.0838,0.9864,true
poly5d,500,0.01,6,87.89935036346712,1.0,0.0254,0.9752,true
poly5d,500,0.05,6,96.15012358666921,1.0,0.0714,0.9844,true
poly5d,500,0.1,6,102.18402992556628,1.0,0.1214,0.989,true
poly5d,500,0.01,7,84.1492669017406,1.0,0.0038,0.9752,true
poly5d,500,0.05,7,94.39070094700983,1.0,0.054,0.9846,true
poly5d,500,0.1,7,100.7533140607911,1.0,0.1156,0.9888,true
poly5d,500,0.01,8,87.55729754317375,1.0,0.0162,0.9722,true
poly5d,500,0.05,8,95.08834003240614,1.0,0.052,0.9832,true
poly5d,500,0.1,8,102.06220434139858,1.0,0.1098,0.9904,true
poly5d,500,0.01,9,89.37313498874362,1.0,0.0122,0.9766,true
poly5d,500,0.05,9,94.64118262788864,1.0,0.0394,0.9826,true
poly5d,500,0.1,9,99.33424450851295,1.0,0.0756,0.987,true
poly5d,500,0.01,10,76.33513055751482,1.0,0.0,0.9578,true
poly5d,500,0.05,10,90.80715489620268,1.0,0.031,0.9808,true
poly5d,500,0.1,10,96.52259317971142,1.0,0.073,0.9858,true
poly5d,500,0.01,11,85.24487360651304,1.0,0.0094,0.9712,true
poly5d,500,0.05,11,94.30637799061502,1.0,0.058,0.9816,true
poly5d,500,0.1,11,102.47232367151919,1.0,0.121,0.99,true
poly5d,500,0.01,12,79.03601160241996,1.0,0.0052,0.971,true
poly5d,500,0.05,12,89.63302527742268,1.0,0.0532,0.9844,true
poly5d,500,0.1,12,94.28063479930209,1.0,0.0924,0.9888,true
poly5d,500,0.01,13,81.51012205995886,1.0,0.0132,0.9714,true
poly5d,500,0.05,13,88.3920645737643,1.0,0.0426,0.9808,true
poly5d,500,0.1,13,95.8530649599524,1.0,0.1034,0.987,true
poly5d,500,0.01,14,83.91736399748808,1.0,0.0248,0.9772,true
poly5d,500,0.05,14,93.19377059928652,1.0,0.0892,0.9848,true
poly5d,500,0.1,14,96.59274096416934,1.0,0.1174,0.9874,true
poly5d,500,0.01,15,76.17684491873158,1.0,0.003,0.962,true
poly5d,500,0.05,15,89.94049673540263,1.0,0.0378,0.978,true
poly5d,500,0.1,15,98.35891893790415,1.0,0.094,0.9872,true
poly5d,500,0.01,16,71.6027122286831,1.0,0.0012,0.96,true
poly5d,500,0.05,16,84.44393374578071,1.0,0.0332,0.9762,true
poly5d,500,0.1,16,89.97035221081498,1.0,0.0716,0.9826,true
poly5d,500,0.01,17,85.07151124023272,1.0,0.005,0.9644,true
poly5d,500,0.05,17,94.04830030159508,1.0,0.037,0.9762,true
poly5d,500,0.1,17,100.68693171568944,1.0,0.0876,0.9828,true
poly5d,500,0.01,18,79.78946133461267,1.0,0.003,0.9684,true
poly5d,500,0.05,18,90.07865093395729,1.0,0.0368,0.9812,true
poly5d,500,0.1,18,96.23863040047381,1.0,0.0808,0.986,true
poly5d,500,0.01,19,88.84381596400416,1.0,0.0046,0.9624,true
poly5d,500,0.05,19,101.72168358989168,1.0,0.051,0.9802,true
poly5d,500,0.1,19,109.36994624411163,1.0,0.1128,0.9872,true
poly5d,1000,0.01,0,120.35062880708142,1.0,0.0148,0.9744,true
poly5d,1000,0.05,0,131.6641955637429,1.0,0.0516,0.981,true
poly5d,1000,0.1,0,140.22544479150753,1.0,0.0978,0.986,true
poly5d,1000,0.01,1,116.50859000661487,1.0,0.0048,0.9698,true
poly5d,1000,0.05,1,132.066394639397,1.0,0.039,0.982,true
poly5d,1000,0.1,1,141.0074931721204,1.0,0.0818,0.9868,true
poly5d,1000,0.01,2,112.65217431464657,1.0,0.0134,0.9732,true
poly5d,1000,0.05,2,125.80941468416002,1.0,0.0566,0.9828,true
poly5d,1000,0.1,2,134.05916617599883,1.0,0.1058,0.988,true
poly5d,1000,0.01,3,101.6056505162326,1.0,0.0094,0.9736,true
poly5d,1000,0.05,3,113.49851067112334,1.0,0.0428,0.9846,true
poly5d,1000,0.1,3,123.37982740448889,1.0,0.1,0.9896,true
poly5d,1000,0.01,4,99.98967771762311,1.0,0.0086,0.9748,true
poly5d,1000,0.05,4,112.95115964423653,1.0,0.0524,0.9836,true
poly5d,1000,0.1,4,119.99748019003147,1.0,0.1014,0.989,true
poly5d,1000,0.01,5,113.84096503180041,1.0,0.005,0.9768,true
poly5d,1000,0.05,5,129.8021173442024,1.0,0.0516,0.9878,true
poly5d,1000,0.1,5,138.77601056501297,1.0,0.1128,0.9912,true
poly5d,1000,0.01,6,103.54266276652864,1.0,0.01,0.9722,true
poly5d,1000,0.05,6,120.62486078783613,1.0,0.0564,0.9864,true
poly5d,1000,0.1,6,130.4496077269959,1.0,0.1156,0.9896,true
poly5d,1000,0.01,7,120.09910016838762,1.0,0.0084,0.9764,true
poly5d,1000,0.05,7,137.45697416034375,1.0,0.061,0.9894,true
poly5d,1000,0.1,7,148.51556987559917,1.0,0.1234,0.994,true
poly5d,1000,0.01,8,120.51573343035133,1.0,0.0122,0.9724,true
poly5d,1000,0.05,8,130.70004154854973,1.0,0.0416,0.9788,true
poly5d,1000,0.1,8,139.66214117646086,1.0,0.0864,0.9856,true
poly5d,1000,0.01,9,100.96544574513203,1.0,0.0068,0.975,true
poly5d,1000,0.05,9,114.6125131191189,1.0,0.045,0.986,true
poly5d,1000,0.1,9,123.03009434723873,1.0,0.0964,0.9916,true
poly5d,1000,0.01,10,119.26434879561353,1.0,0.0132,0.9748,true
poly5d,1000,0.05,10,130.97464719575785,1.0,0.0506,0.985,true
poly5d,1000,0.1,10,138.4938776463228,1.0,0.089,0.988,true
poly5d,1000,0.01,11,119.3151679977646,1.0,0.02,0.974,true
poly5d,1000,0.05,11,128.71125074100968,1.0,0.0462,0.9818,true
poly5d,1000,0.1,11,142.39795850131327,1.0,0.1126,0.9894,true
poly5d,1000,0.01,12,110.11356749622516,1.0,0.0124,0.9762,true
poly5d,1000,0.05,12,124.46271874048155,1.0,0.0598,0.9866,true
poly5d,1000,0.1,12,134.36563701814464,1.0,0.125,0.9902,true
poly5d,1000,0.01,13,103.07784521753487,1.0,0.0058,0.9678,true
poly5d,1000,0.05,13,118.22270295071928,1.0,0.0398,0.9818,true
poly5d,1000,0.1,13,129.549632469418,1.0,0.0896,0.987,true
poly5d,1000,0.01,14,97.04549865722407,1.0,0.0094,0.9738,true
poly5d,1000,0.05,14,111.00448250922308,1.0,0.054,0.9856,true
poly5d,1000,0.1,14,121.11665805959298,1.0,0.1096,0.9896,true
poly5d,1000,0.01,15,117.93882993150532,1.0,0.01,0.975,true
poly5d,1000,0.05,15,130.98417364130592,1.0,0.0448,0.984,true
poly5d,1000,0.1,15,142.59156285702824,1.0,0.0926,0.9896,true
poly5d,1000,0.01,16,112.28121151120598,1.0,0.0068,0.9744,true
poly5d,1000,0.05,16,129.36552484568665,1.0,0.0598,0.9852,true
poly5d,1000,0.1,16,137.49580940805455,1.0,0.1104,0.9894,true
poly5d,1000,0.01,17,113.38067874402392,1.0,0.0114,0.9722,true
poly5d,1000,0.05,17,127.40703631170592,1.0,0.0634,0.9826,true
poly5d,1000,0.1,17,133.88679819930138,1.0,0.1048,0.9864,true
poly5d,1000,0.01,18,110.62739606857778,1.0,0.0222,0.9784,true
poly5d,1000,0.05,18,122.2122688316295,1.0,0.064,0.9854,true
poly5d,1000,0.1,18,131.38478361454884,1.0,0.1222,0.9906,true
poly5d,1000,0.01,19,112.18878109172758,1.0,0.0066,0.9722,true
poly5d,1000,0.05,19,127.3304488437039,1.0,0.0444,0.9838,true
poly5d,1000,0.1,19,137.44952926915278,1.0,0.0996,0.9882,true
poly5d,5000,0.01,0,185.31476416804935,1.0,0.0096,0.9782,true
poly5d,5000,0.05,0,217.88963801599027,1.0,0.053,0.9884,true
poly5d,5000,0.1,0,237.0527060446108,1.0,0.1028,0.9924,true
poly5d,5000,0.01,1,179.52337228587265,1.0,0.009,0.9752,true
poly5d,5000,0.05,1,212.2497875274164,1.0,0.0538,0.9856,true
poly5d,5000,0.1,1,228.72785305487017,1.0,0.1014,0.9886,true
poly5d,5000,0.01,2,183.9212869528581,1.0,0.0096,0.979,true
poly5d,5000,0.05,2,211.6679346329216,1.0,0.0516,0.9868,true
poly5d,5000,0.1,2,230.7482090033779,1.0,0.1012,0.9906,true
poly5d,5000,0.01,3,177.0286918745113,1.0,0.0092,0.9758,true
poly5d,5000,0.05,3,208.75041384819775,1.0,0.0528,0.9858,true
poly5d,5000,0.1,3,229.37724578797844,1.0,0.1032,0.9906,true
poly5d,5000,0.01,4,185.34182559826198,1.0,0.0104,0.9798,true
poly5d,5000,0.05,4,213.6233876964208,1.0,0.0504,0.9864,true
poly5d,5000,0.1,4,235.82351008393732,1.0,0.1066,0.9914,true
poly5d,5000,0.01,5,186.80004547335133,1.0,0.0166,0.983,true
poly5d,5000,0.05,5,210.60298491002465,1.0,0.062,0.9884,true
poly5d,5000,0.1,5,225.88102027131688,1.0,0.1112,0.9904,true
poly5d,5000,0.01,6,175.13312393414532,1.0,0.008,0.9764,true
poly5d,5000,0.05,6,207.55608698874255,1.0,0.0452,0.986,true
poly5d,5000,0.1,6,228.64032989142368,1.0,0.1024,0.9916,true
poly5d,5000,0.01,7,196.53647836562487,1.0,0.0158,0.9802,true
poly5d,5000,0.05,7,224.09292006749263,1.0,0.0522,0.987,true
poly5d,5000,0.1,7,243.03214456395662,1.0,0.1016,0.9908,true
poly5d,5000,0.01,8,185.8251646795364,1.0,0.007,0.9804,true
poly5d,5000,0.05,8,216.62979711878114,1.0,0.0426,0.9892,true
poly5d,5000,0.1,8,235.55166570058046,1.0,0.0918,0.9908,true
poly5d,5000,0.01,9,189.9525601831976,1.0,0.0132,0.9806,true
poly5d,5000,0.05,9,217.54533378575965,1.0,0.0646,0.9886,true
poly5d,5000,0.1,9,233.03655005366792,1.0,0.111,0.991,true
poly5d,5000,0.01,10,178.7661055279932,1.0,0.0118,0.9768,true
poly5d,5000,0.05,10,204.14810378044353,1.0,0.0518,0.9842,true
poly5d,5000,0.1,10,223.33229210426026,1.0,0.1008,0.9886,true
poly5d,5000,0.01,11,178.57538922273247,1.0,0.0088,0.9788,true
poly5d,5000,0.05,11,208.99554065646595,1.0,0.0478,0.9854,true
poly5d,5000,0.1,11,230.30426474932705,1.0,0.1018,0.9904,true
poly5d,5000,0.01,12,180.84285555597236,1.0,0.008,0.979,true
poly5d,5000,0.05,12,210.05128127138465,1.0,0.0452,0.9864,true
poly5d,5000,0.1,12,231.48000376299467,1.0,0.0936,0.9902,true
poly5d,5000,0.01,13,190.02402560368242,1.0,0.0122,0.9784,true
poly5d,5000,0.05,13,217.14431866218408,1.0,0.0496,0.9868,true
poly5d,5000,0.1,13,238.00647983839482,1.0,0.1098,0.9916,true
poly5d,5000,0.01,14,175.10917389520813,1.0,0.0092,0.9826,true
poly5d,5000,0.05,14,205.03737216858775,1.0,0.0558,0.9876,true
poly5d,5000,0.1,14,222.2798177700939,1.0,0.1008,0.9908,true
poly5d,5000,0.01,15,166.40247680683336,1.0,0.0066,0.9728,true
poly5d,5000,0.05,15,201.93639089551462,1.0,0.0466,0.9842,true
poly5d,5000,0.1,15,220.86519810963833,1.0,0.0962,0.9878,true
poly5d,5000,0.01,16,188.43348836201113,1.0,0.0104,0.9792,true
poly5d,5000,0.05,16,218.53595325594313,1.0,0.056,0.9864,true
poly5d,5000,0.1,16,235.36561871861272,1.0,0.1038,0.9912,true
poly5d,5000,0.01,17,182.91521066579963,1.0,0.0096,0.98,true
poly5d,5000,0.05,17,209.88282763849313,1.0,0.0538,0.9876,true
poly5d,5000,0.1,17,227.75043603545768,1.0,0.1104,0.9916,true
poly5d,5000,0.01,18,188.7623312693976,1.0,0.0094,0.981,true
poly5d,5000,0.05,18,218.09441031438092,1.0,0.05,0.9878,true
poly5d,5000,0.1,18,238.00884619820445,1.0,0.1024,0.9898,true
poly5d,5000,0.01,19,191.79929929051943,1.0,0.011,0.9772,true
poly5d,5000,0.05,19,217.58219849086515,1.0,0.0464,0.9852,true
poly5d,5000,0.1,19,237.39013393573518,1.0,0.1036,0.9902,true
